{
  "score": 65,
  "stage": "Practitioner",
  "categories": [
    {
      "name": "UX Fundamentals",
      "score": 67,
      "maxScore": 100
    },
    {
      "name": "UI Craft & Visual Design",
      "score": 63,
      "maxScore": 100
    },
    {
      "name": "User Research & Validation",
      "score": 63,
      "maxScore": 100
    },
    {
      "name": "Product Thinking & Strategy",
      "score": 70,
      "maxScore": 100
    },
    {
      "name": "Collaboration & Communication",
      "score": 61,
      "maxScore": 100
    }
  ],
  "improvement_plan": {
    "weeks": [
      {
        "week": 1,
        "tasks": [
          {
            "task": "Create a simple wireframe for a login form using the 8-point grid system, focusing on clear typography and sufficient padding.",
            "reference": "UI Craft & Visual Design: 63/100 (63%)",
            "difficulty": "beginner"
          },
          {
            "task": "Write a short reflection (1 page) on how you would handle a situation where a user is frustrated with the navigation of your current portfolio website.",
            "reference": "Collaboration & Communication: 61/100 (61%)",
            "difficulty": "beginner"
          },
          {
            "task": "Research and list 3 common design patterns used in login forms, along with their benefits and drawbacks.",
            "reference": "UI Craft & Visual Design: 63/100 (63%)",
            "difficulty": "intermediate"
          }
        ]
      },
      {
        "week": 2,
        "tasks": [
          {
            "task": "Create a high-fidelity wireframe for the login form, incorporating feedback from your reflection task.",
            "reference": "UI Craft & Visual Design: 63/100 (63%)",
            "difficulty": "intermediate"
          },
          {
            "task": "Conduct a usability test on your portfolio website with 2 participants, documenting 3 pain points and suggesting potential solutions.",
            "reference": "Collaboration & Communication: 61/100 (61%)",
            "difficulty": "beginner"
          },
          {
            "task": "Research the concept of 'Micro-Interactions' in UX design, including examples and best practices.",
            "reference": "UI Craft & Visual Design: 63/100 (63%)",
            "difficulty": "advanced"
          }
        ]
      },
      {
        "week": 3,
        "tasks": [
          {
            "task": "Design a visual system for the login form, including typography, color palette, and iconography.",
            "reference": "UI Craft & Visual Design: 63/100 (63%)",
            "difficulty": "advanced"
          },
          {
            "task": "Create a user story map for your portfolio website, identifying key user journeys and pain points.",
            "reference": "Collaboration & Communication: 61/100 (61%)",
            "difficulty": "intermediate"
          },
          {
            "task": "Research the concept of 'Emotional Design' in UX, including examples and best practices.",
            "reference": "UI Craft & Visual Design: 63/100 (63%)",
            "difficulty": "advanced"
          }
        ]
      },
      {
        "week": 4,
        "tasks": [
          {
            "task": "Create a comprehensive design system for your portfolio website, including guidelines and assets.",
            "reference": "UI Craft & Visual Design: 63/100 (63%)",
            "difficulty": "advanced"
          },
          {
            "task": "Develop a presentation to showcase your design process and user research findings to a potential client or team.",
            "reference": "Collaboration & Communication: 61/100 (61%)",
            "difficulty": "intermediate"
          },
          {
            "task": "Create a case study on a successful UX design project, including lessons learned and best practices.",
            "reference": "UI Craft & Visual Design: 63/100 (63%)",
            "difficulty": "advanced"
          }
        ]
      }
    ]
  },
  "resources": {
    "readup": "As a UX practitioner, you have the power to shape the user experience and create products that truly meet people's needs. By focusing on your strengths - such as product thinking and strategy - and working on areas like user research and validation, collaboration, and communication, you can take your skills from 67/100 to 90/100 and become a leading UX designer.",
    "resources": [
      {
        "title": "10 Usability Heuristics for User Interface Design",
        "url": "https://www.nngroup.com/articles/ten-usability-heuristics/",
        "description": "7 10 Usability Heuristics for User Interface Design ================================================= Jakob Nielsen ![](https://media.nngroup.com/medi...",
        "tags": []
      },
      {
        "title": "Laws of UX",
        "url": "https://lawsofux.com/",
        "description": "* [English](https://lawsofux.com/) * [Español](https://lawsofux.com/es/) * [Francais](https://lawsofux.com/fr/) * [عربي](https://lawsofux.com/ar/) * [...",
        "tags": [
          "heuristics",
          "principles",
          "psychology"
        ]
      },
      {
        "title": "Aesthetic-Usability Effect",
        "url": "https://lawsofux.com/aesthetic-usability-effect/",
        "description": "* [English](https://lawsofux.com/aesthetic-usability-effect/) * [Español](https://lawsofux.com/es/efecto-de-est%C3%A9tica-usabilidad/) * [Francais](ht...",
        "tags": [
          "heuristics",
          "principles",
          "psychology"
        ]
      },
      {
        "title": "Zeigarnik Effect",
        "url": "https://lawsofux.com/zeigarnik-effect/",
        "description": "* [English](https://lawsofux.com/zeigarnik-effect/) * [Español](https://lawsofux.com/es/efecto-zeigarnik/) * [Francais](https://lawsofux.com/fr/effet-...",
        "tags": [
          "heuristics",
          "principles",
          "psychology"
        ]
      },
      {
        "title": "Jakob’s Law",
        "url": "https://lawsofux.com/jakobs-law/",
        "description": "* [English](https://lawsofux.com/jakobs-law/) * [Español](https://lawsofux.com/es/ley-de-jakob/) * [Francais](https://lawsofux.com/fr/loi-de-jakob/) *...",
        "tags": [
          "heuristics",
          "principles",
          "psychology"
        ]
      }
    ]
  },
  "deep_dive": {
    "topics": [
      {
        "name": "Mastering Usability Heuristics",
        "pillar": "UX Fundamentals",
        "level": "Advanced",
        "summary": "Applying usability heuristics effectively will significantly improve the user experience and design decisions.",
        "practice_points": [
          "Create a comprehensive usability heuristic checklist with clear definitions and examples for each principle (Deliverable: 1-page PDF)",
          "Analyze 3 existing products using the 10 Usability Heuristics for User Interface Design resource and provide actionable recommendations for improvement",
          "Design 2 new product features that incorporate at least 5 usability heuristics, including wireframes and a written justification"
        ]
      },
      {
        "name": "Understanding Visual Hierarchy and Aesthetic-Usability Effect",
        "pillar": "UI Craft & Visual Design",
        "level": "Beginner/Intermediate",
        "summary": "Developing an understanding of visual hierarchy and the aesthetic-usability effect will enhance your design decisions.",
        "practice_points": [
          "Create a visual hierarchy exercise using 5 different layouts, with clear explanations for each choice (Deliverable: 1-page report)",
          "Design 2 wireframes that incorporate the Aesthetic-Usability Effect, including color schemes and typography",
          "Conduct an analysis of 3 existing websites' use of visual hierarchy and provide suggestions for improvement"
        ]
      },
      {
        "name": "Improving Collaboration and Communication through Storytelling",
        "pillar": "Collaboration & Communication",
        "level": "Beginner/Intermediate",
        "summary": "Developing effective storytelling skills will enhance your collaboration and communication with stakeholders.",
        "practice_points": [
          "Create a 3-minute presentation on the importance of storytelling in UX design, using visual aids (Deliverable: Video recording)",
          "Conduct 2 interviews with team members or stakeholders to understand their needs and preferences for UX documentation",
          "Write a clear and concise UX report that incorporates storytelling techniques, including a summary of findings and recommendations"
        ]
      }
    ]
  },
  "layout": {
    "section_order": [
      "hero",
      "stage-readup",
      "skill-breakdown",
      "resources",
      "deep-dive",
      "improvement-plan",
      "jobs"
    ],
    "section_visibility": {
      "hero": true,
      "stage-readup": true,
      "skill-breakdown": true,
      "resources": true,
      "deep-dive": true,
      "improvement-plan": true,
      "jobs": true
    },
    "content_depth": {
      "resources": "detailed",
      "deep-dive": "standard",
      "improvement-plan": "standard"
    },
    "priority_message": "Focus message"
  },
  "insights": null,
  "generated_at": "2025-11-22T18:43:18.160832"
}