{
  "score": 2,
  "stage": "Explorer",
  "categories": [
    {
      "name": "UX Fundamentals",
      "score": 1,
      "maxScore": 100
    },
    {
      "name": "UI Craft & Visual Design",
      "score": 1,
      "maxScore": 100
    },
    {
      "name": "User Research & Validation",
      "score": 1,
      "maxScore": 100
    },
    {
      "name": "Product Thinking & Strategy",
      "score": 4,
      "maxScore": 100
    },
    {
      "name": "Collaboration & Communication",
      "score": 1,
      "maxScore": 100
    }
  ],
  "improvement_plan": {
    "weeks": [
      {
        "week": 1,
        "tasks": [
          "Create a simple wireframe of a login screen using the 10 Usability Heuristics for User Interface Design as a reference. Focus on error states and usability, aiming to improve your score in UX Fundamentals by 0.5 points.",
          "Design a basic color palette for a hypothetical app using Occam's Razor and Miller's Law. Try to reduce visual noise and increase readability, aiming to improve your score in UI Craft & Visual Design by 0.5 points.",
          "Write down 3 common UX mistakes you've seen in real-world designs, along with suggestions for improvement. This will help you better understand the principles of UX Fundamentals."
        ]
      },
      {
        "week": 2,
        "tasks": [
          "Conduct a user interview and ask participants to describe their experience with a simple task (e.g., booking a flight). Use the Jobs-to-be-Done framework to identify pain points and areas for improvement. Document your findings in a report, aiming to improve your score in User Research & Validation by 0.5 points.",
          "Create a basic prototype of a hypothetical app using Figma or Sketch. Focus on user flow and usability, aiming to improve your score in Product Thinking & Strategy by 1 point.",
          "Research and list 3 common design patterns used in UX (e.g., the 'don't break the duck' pattern). Try to understand their purpose and how they can be applied to real-world designs."
        ]
      },
      {
        "week": 3,
        "tasks": [
          "Design a simple usability test plan for a hypothetical app. Identify potential user flows, tasks, and pain points. Document your findings in a report, aiming to improve your score in Collaboration & Communication by 0.5 points.",
          "Create a basic design system using Figma or Sketch. Focus on consistency and usability, aiming to improve your score in UI Craft & Visual Design by 1 point.",
          "Research and list 3 common UX principles (e.g., the 'golden ratio'). Try to understand their purpose and how they can be applied to real-world designs."
        ]
      },
      {
        "week": 4,
        "tasks": [
          "Create a comprehensive design system document for a hypothetical app. Include guidelines for color, typography, layout, and more. Aim to improve your score in UI Craft & Visual Design by 2 points.",
          "Design a complex user flow using Figma or Sketch. Focus on usability, error states, and accessibility, aiming to improve your score in Product Thinking & Strategy by 2 points.",
          "Conduct a self-assessment of your design skills and identify areas for improvement. Create a plan for continued growth and development."
        ]
      }
    ]
  },
  "resources": {
    "readup": "As an Explorer UX designer, you have the unique opportunity to craft a career path that combines curiosity with creativity. By focusing on product thinking and strategy, collaborating with cross-functional teams, and continually honing your skills in user research and validation, you can turn your passion for exploration into a fulfilling and impactful role.",
    "resources": [
      {
        "title": "10 Usability Heuristics for User Interface Design",
        "url": "https://www.nngroup.com/articles/ten-usability-heuristics/",
        "description": "7 10 Usability Heuristics for User Interface Design ================================================= Jakob Nielsen ![](https://media.nngroup.com/medi...",
        "tags": []
      },
      {
        "title": "Laws of UX",
        "url": "https://lawsofux.com/",
        "description": "* [English](https://lawsofux.com/) * [Español](https://lawsofux.com/es/) * [Francais](https://lawsofux.com/fr/) * [عربي](https://lawsofux.com/ar/) * [...",
        "tags": [
          "heuristics",
          "principles",
          "psychology"
        ]
      },
      {
        "title": "Aesthetic-Usability Effect",
        "url": "https://lawsofux.com/aesthetic-usability-effect/",
        "description": "* [English](https://lawsofux.com/aesthetic-usability-effect/) * [Español](https://lawsofux.com/es/efecto-de-est%C3%A9tica-usabilidad/) * [Francais](ht...",
        "tags": [
          "heuristics",
          "principles",
          "psychology"
        ]
      },
      {
        "title": "Occam’s Razor",
        "url": "https://lawsofux.com/occams-razor/",
        "description": "* [English](https://lawsofux.com/occams-razor/) * [Español](https://lawsofux.com/es/la-navaja-de-occam/) * [Francais](https://lawsofux.com/fr/le-rasoi...",
        "tags": [
          "heuristics",
          "principles",
          "psychology"
        ]
      },
      {
        "title": "Miller’s Law",
        "url": "https://lawsofux.com/millers-law/",
        "description": "* [English](https://lawsofux.com/millers-law/) * [Español](https://lawsofux.com/es/ley-de-miller/) * [Francais](https://lawsofux.com/fr/loi-de-miller/...",
        "tags": [
          "heuristics",
          "principles",
          "psychology"
        ]
      }
    ]
  },
  "deep_dive": {
    "topics": [
      {
        "name": "Applying Occam's Razor for Simple and Intuitive Design",
        "pillar": "UX Fundamentals",
        "level": "Beginner",
        "summary": "Mastering Occam's Razor will help you eliminate unnecessary complexity, leading to a better user experience.",
        "practice_points": [
          "Analyze 3 existing products (e.g., apps, websites) and identify areas where Occam's Razor could be applied for simplification. Document your findings with wireframes or sketches."
        ]
      },
      {
        "name": "Conducting User Research using the Jobs-to-be-Done Framework",
        "pillar": "User Research & Validation",
        "level": "Beginner",
        "summary": "Understanding users' motivations and goals will help you design products that meet their needs, leading to increased user satisfaction.",
        "practice_points": [
          "Conduct 2 interviews with users using the Jobs-to-be-Done framework. Document your findings in a report or presentation."
        ]
      },
      {
        "name": "Creating Micro-Interactions for Figma Prototypes",
        "pillar": "UI Craft & Visual Design",
        "level": "Beginner",
        "summary": "Adding micro-interactions will enhance the user experience, making your designs more engaging and interactive.",
        "practice_points": [
          "Build 3 interactive prototypes in Figma with micro-interactions. Document your design decisions and interactions in a style guide."
        ]
      }
    ]
  },
  "layout": {
    "section_order": [
      "hero",
      "stage-readup",
      "skill-breakdown",
      "resources",
      "deep-dive",
      "improvement-plan",
      "jobs"
    ],
    "section_visibility": {
      "hero": true,
      "stage-readup": true,
      "skill-breakdown": true,
      "resources": true,
      "deep-dive": true,
      "improvement-plan": true,
      "jobs": true
    },
    "content_depth": {
      "resources": "detailed",
      "deep-dive": "standard",
      "improvement-plan": "standard"
    },
    "priority_message": "Focus message"
  },
  "insights": {
    "insights": [
      {
        "category": "UX Fundamentals",
        "brief": "Score meaning for UX Fundamentals",
        "detailed": "The score reflects the designer's understanding of fundamental principles such as user-centered design, wireframing, and usability testing. A higher score indicates a stronger foundation in these essential skills.",
        "actionable": [
          "Take an online course or workshop to improve understanding of user-centered design principles",
          "Practice wireframing and prototyping to develop visual communication skills",
          "Conduct usability testing with real users to validate design decisions"
        ]
      },
      {
        "category": "UI Craft & Visual Design",
        "brief": "Score meaning for UI Craft & Visual Design",
        "detailed": "The score assesses the designer's ability to create visually appealing and user-friendly interfaces. A higher score indicates a stronger understanding of color theory, typography, and layout principles.",
        "actionable": [
          "Study the work of renowned designers and analyze their design decisions",
          "Experiment with different design tools and software to develop skills in UI craft",
          "Join online communities or forums to stay updated on latest design trends"
        ]
      },
      {
        "category": "User Research & Validation",
        "brief": "Score meaning for User Research & Validation",
        "detailed": "The score evaluates the designer's ability to conduct effective user research and validate design decisions. A higher score indicates a stronger understanding of research methods, data analysis, and user personas.",
        "actionable": [
          "Take a research methods course or attend workshops on user research techniques",
          "Conduct interviews or surveys with real users to gather insights for design projects",
          "Analyze user data and feedback to inform design decisions"
        ]
      },
      {
        "category": "Product Thinking & Strategy",
        "brief": "Score meaning for Product Thinking & Strategy",
        "detailed": "The score reflects the designer's understanding of product development processes, market trends, and business goals. A higher score indicates a stronger ability to think strategically about product design.",
        "actionable": [
          "Read industry reports or articles on emerging trends in product design",
          "Participate in design sprints or hackathons to develop strategic thinking skills",
          "Collaborate with cross-functional teams to understand business goals and market needs"
        ]
      },
      {
        "category": "Collaboration & Communication",
        "brief": "Score meaning for Collaboration & Communication",
        "detailed": "The score assesses the designer's ability to effectively collaborate with stakeholders and communicate design decisions. A higher score indicates a stronger understanding of project management, stakeholder engagement, and clear communication.",
        "actionable": [
          "Join online communities or forums to practice collaboration and communication skills",
          "Participate in team-building activities or workshops on effective communication",
          "Develop a personal project or contribute to open-source projects to demonstrate collaboration skills"
        ]
      }
    ]
  },
  "generated_at": "2025-11-22T17:38:16.345790"
}