{
  "score": 29,
  "stage": "Explorer",
  "categories": [
    {
      "name": "UX Fundamentals",
      "score": 32,
      "maxScore": 100
    },
    {
      "name": "UI Craft & Visual Design",
      "score": 17,
      "maxScore": 100
    },
    {
      "name": "User Research & Validation",
      "score": 26,
      "maxScore": 100
    },
    {
      "name": "Product Thinking & Strategy",
      "score": 34,
      "maxScore": 100
    },
    {
      "name": "Collaboration & Communication",
      "score": 34,
      "maxScore": 100
    }
  ],
  "improvement_plan": {
    "weeks": [
      {
        "week": 1,
        "tasks": [
          "Create a low-fidelity sketch of a common UI element (e.g., button, form field) and identify 3 usability heuristics that could be improved using the 10 Usability Heuristics for User Interface Design resource.",
          "Design a simple error message for a login form using Occam's Razor to guide your decision-making.",
          "Write a short reflection (approx. 150-200 words) on how Aesthetic-Usability Effect influences your design decisions."
        ]
      },
      {
        "week": 2,
        "tasks": [
          "Conduct a user interview and ask participants to describe their experience with a specific UI element (e.g., search bar, navigation menu). Document 3 pain points using the Jobs-to-be-Done framework.",
          "Create a wireframe of a simple product page and apply Miller's Law to ensure clear typography and hierarchy.",
          "Redesign your portfolio's navigation using the 8-point grid system and provide 2 examples of how this design choice improves user experience."
        ]
      },
      {
        "week": 3,
        "tasks": [
          "Design a high-fidelity prototype of a UI element (e.g., dropdown menu, modal window) and apply the principles of Aesthetic-Usability Effect to create an engaging experience.",
          "Create a usability testing plan for a hypothetical product feature and identify 2 user research methods to validate your design decisions.",
          "Write a short case study (approx. 300-400 words) on how you applied UX Fundamentals in a recent project, highlighting at least one specific heuristic or principle used."
        ]
      },
      {
        "week": 4,
        "tasks": [
          "Create a comprehensive design system for a hypothetical product and apply the Laws of UX to ensure consistency across all UI elements.",
          "Conduct user research using remote interviews and analyze participant feedback to inform design decisions for a specific feature or product.",
          "Develop a design strategy document outlining your approach to designing an intuitive and user-friendly interface, referencing at least 2 relevant UX Fundamentals."
        ]
      }
    ]
  },
  "resources": {
    "readup": "As an Explorer UX designer, you have the unique opportunity to shape the future of products by immersing yourself in user needs and pain points. By leveraging your skills in research, strategy, and collaboration, you can craft intuitive and user-centered designs that drive business success.",
    "resources": [
      {
        "title": "10 Usability Heuristics for User Interface Design",
        "url": "https://www.nngroup.com/articles/ten-usability-heuristics/",
        "description": "7 10 Usability Heuristics for User Interface Design ================================================= Jakob Nielsen ![](https://media.nngroup.com/medi...",
        "tags": []
      },
      {
        "title": "Laws of UX",
        "url": "https://lawsofux.com/",
        "description": "* [English](https://lawsofux.com/) * [Español](https://lawsofux.com/es/) * [Francais](https://lawsofux.com/fr/) * [عربي](https://lawsofux.com/ar/) * [...",
        "tags": [
          "heuristics",
          "principles",
          "psychology"
        ]
      },
      {
        "title": "Aesthetic-Usability Effect",
        "url": "https://lawsofux.com/aesthetic-usability-effect/",
        "description": "* [English](https://lawsofux.com/aesthetic-usability-effect/) * [Español](https://lawsofux.com/es/efecto-de-est%C3%A9tica-usabilidad/) * [Francais](ht...",
        "tags": [
          "heuristics",
          "principles",
          "psychology"
        ]
      },
      {
        "title": "Occam’s Razor",
        "url": "https://lawsofux.com/occams-razor/",
        "description": "* [English](https://lawsofux.com/occams-razor/) * [Español](https://lawsofux.com/es/la-navaja-de-occam/) * [Francais](https://lawsofux.com/fr/le-rasoi...",
        "tags": [
          "heuristics",
          "principles",
          "psychology"
        ]
      },
      {
        "title": "Miller’s Law",
        "url": "https://lawsofux.com/millers-law/",
        "description": "* [English](https://lawsofux.com/millers-law/) * [Español](https://lawsofux.com/es/ley-de-miller/) * [Francais](https://lawsofux.com/fr/loi-de-miller/...",
        "tags": [
          "heuristics",
          "principles",
          "psychology"
        ]
      }
    ]
  },
  "deep_dive": {
    "topics": [
      {
        "name": "Mastering Usability Heuristics for Better Design",
        "pillar": "UX Fundamentals",
        "level": "Advanced",
        "summary": "Understanding the 10 usability heuristics will help you create more intuitive and user-friendly designs, which is crucial for Explorer designers.",
        "practice_points": [
          "Analyze 3 existing products or websites using the 10 usability heuristics and identify areas for improvement. Document your findings in a report",
          "Create a new wireframe for a product feature using only one of the heuristics as a guiding principle. Justify your design decisions with evidence from the heuristic",
          "Design an A/B test to validate the effectiveness of a specific usability heuristic on user behavior. Collect data and analyze results"
        ]
      },
      {
        "name": "Applying Cognitive Biases in Design for Better User Experience",
        "pillar": "UX Fundamentals",
        "level": "Beginner",
        "summary": "Understanding cognitive biases will help you create more empathetic and user-centered designs, which is essential for Explorer designers.",
        "practice_points": [
          "Read and summarize the Zeigarnik Effect article. Apply its principles to a real-world design challenge and document your results",
          "Conduct 2 interviews using the Zeigarnik Effect framework to understand users' motivations and pain points. Analyze findings and present insights",
          "Create a list of common cognitive biases in UX design and evaluate their impact on user behavior. Develop strategies to mitigate these biases in future designs"
        ]
      },
      {
        "name": "Developing Your Visual Design Skills with Aesthetic-Usability Effect",
        "pillar": "UI Craft & Visual Design",
        "level": "Beginner",
        "summary": "Mastering the aesthetic-usability effect will help you create visually appealing and user-friendly designs, which is crucial for Explorer designers.",
        "practice_points": [
          "Create 3 wireframes using a consistent visual design language. Evaluate how the aesthetic-usability effect influences user engagement and behavior",
          "Design an A/B test to compare the impact of different typography styles on user experience. Collect data and analyze results",
          "Develop a personal style guide with color, typography, and spacing tokens. Apply this guide to 2 new wireframes and document your design decisions"
        ]
      }
    ]
  },
  "layout": {
    "section_order": [
      "hero",
      "stage-readup",
      "skill-breakdown",
      "resources",
      "deep-dive",
      "improvement-plan",
      "jobs"
    ],
    "section_visibility": {
      "hero": true,
      "stage-readup": true,
      "skill-breakdown": true,
      "resources": true,
      "deep-dive": true,
      "improvement-plan": true,
      "jobs": true
    },
    "content_depth": {
      "resources": "detailed",
      "deep-dive": "standard",
      "improvement-plan": "standard"
    },
    "priority_message": "Focus message"
  },
  "insights": {
    "insights": [
      {
        "category": "UX Fundamentals",
        "brief": "Explorer's UX performance lags behind expectations.",
        "detailed": "The current design may cause friction, leading to a poor user experience. This could be due to inadequate navigation, unclear information architecture, or insufficient feedback mechanisms.",
        "actionable": [
          "Conduct usability testing to identify pain points and areas for improvement",
          "Analyze competitors' Explorer designs to understand best practices",
          "Develop a wireframe prototype with clear navigation and minimal cognitive load"
        ]
      },
      {
        "category": "UI Craft & Visual Design",
        "brief": "Explorer's visual design lacks consistency and cohesion.",
        "detailed": "The current design may appear cluttered, with inconsistent typography, colors, or imagery. This could lead to visual fatigue and decreased user engagement.",
        "actionable": [
          "Create a style guide to establish a consistent visual language",
          "Develop a mood board to define the Explorer's aesthetic and tone",
          "Conduct a color palette analysis to ensure harmonious color choices"
        ]
      },
      {
        "category": "User Research & Validation",
        "brief": "Explorer user research is limited, leading to uninformed design decisions.",
        "detailed": "Insufficient user research may result in features that don't meet users' needs or expectations. This could lead to a product that fails to resonate with its target audience.",
        "actionable": [
          "Conduct user interviews and surveys to gather insights on Explorer's strengths and weaknesses",
          "Analyze customer feedback and reviews to identify patterns and trends",
          "Develop a user persona to guide design decisions and ensure empathy"
        ]
      },
      {
        "category": "Product Thinking & Strategy",
        "brief": "Explorer's product strategy is unclear, leading to confusion among stakeholders.",
        "detailed": "A lack of clarity on the Explorer's purpose and value proposition may cause stakeholders to misalign their efforts. This could result in a product that fails to meet its intended goals.",
        "actionable": [
          "Develop a product vision statement to articulate the Explorer's purpose and value proposition",
          "Create a product roadmap to outline key milestones and objectives",
          "Conduct a competitor analysis to identify market gaps and opportunities"
        ]
      },
      {
        "category": "Collaboration & Communication",
        "brief": "Explorer team collaboration is inadequate, leading to siloed design decisions.",
        "detailed": "Insufficient communication among team members may result in a lack of cohesion and consistency in the design. This could lead to a product that feels disjointed and unpolished.",
        "actionable": [
          "Establish regular design sync-ups to ensure alignment and feedback",
          "Develop a collaboration tool to facilitate open communication and knowledge sharing",
          "Create a shared design language to promote consistency across the team"
        ]
      }
    ]
  },
  "generated_at": "2025-11-22T18:07:25.168294"
}