{
  "score": 27,
  "stage": "Explorer",
  "categories": [
    {
      "name": "UX Fundamentals",
      "score": 35,
      "maxScore": 100
    },
    {
      "name": "UI Craft & Visual Design",
      "score": 30,
      "maxScore": 100
    },
    {
      "name": "User Research & Validation",
      "score": 23,
      "maxScore": 100
    },
    {
      "name": "Product Thinking & Strategy",
      "score": 24,
      "maxScore": 100
    },
    {
      "name": "Collaboration & Communication",
      "score": 21,
      "maxScore": 100
    }
  ],
  "improvement_plan": {
    "weeks": [
      {
        "week": 1,
        "tasks": [
          "Create a simple user flow diagram using the 10 Usability Heuristics for User Interface Design (nngroup.com) as a reference. Focus on explaining how each heuristic applies to your design.",
          "Write a short reflection (approx. 150 words) on how Collaboration & Communication affects your design process. What challenges do you face, and how can you improve?",
          "Design a basic wireframe for a hypothetical product feature using Occam's Razor as a guideline for simplicity."
        ]
      },
      {
        "week": 2,
        "tasks": [
          "Conduct 1 user interview and document 3 pain points using the Jobs-to-be-Done framework. Focus on understanding user motivations behind their actions.",
          "Redesign your portfolio's navigation using the 8-point grid system. Ensure it is accessible and easy to use.",
          "Create a mind map illustrating how Miller’s Law applies to your design process. How can you simplify complex designs?"
        ]
      },
      {
        "week": 3,
        "tasks": [
          "Develop a basic user research plan for a hypothetical product feature. Outline the methods you would use to gather data and validate assumptions.",
          "Create an aesthetic-usable interface using Aesthetic-Usability Effect as a guideline. Focus on creating a visually appealing design.",
          "Write a short article (approx. 250 words) explaining how Laws of UX applies to your design process. Provide examples from your own work or hypothetical scenarios."
        ]
      },
      {
        "week": 4,
        "tasks": [
          "Design a comprehensive user flow for a complex product feature using the principles learned throughout this program. Ensure it is intuitive and easy to use.",
          "Create a case study documenting 5 pain points you identified during your user research, along with potential solutions.",
          "Develop a final portfolio piece showcasing your skills in Collaboration & Communication, User Research & Validation, UI Craft & Visual Design, Product Thinking & Strategy, and Collaboration & Communication. Ensure it is well-structured and easy to follow."
        ]
      }
    ]
  },
  "resources": {
    "readup": "As an Explorer UX designer, you have the unique opportunity to shape the user experience of innovative products and services. To excel in this role, focus on developing a strong foundation in UX fundamentals, collaborating with cross-functional teams, and staying up-to-date with industry trends and design best practices.",
    "resources": [
      {
        "title": "10 Usability Heuristics for User Interface Design",
        "url": "https://www.nngroup.com/articles/ten-usability-heuristics/",
        "description": "7 10 Usability Heuristics for User Interface Design ================================================= Jakob Nielsen ![](https://media.nngroup.com/medi...",
        "tags": []
      },
      {
        "title": "Laws of UX",
        "url": "https://lawsofux.com/",
        "description": "* [English](https://lawsofux.com/) * [Español](https://lawsofux.com/es/) * [Francais](https://lawsofux.com/fr/) * [عربي](https://lawsofux.com/ar/) * [...",
        "tags": [
          "heuristics",
          "principles",
          "psychology"
        ]
      },
      {
        "title": "Aesthetic-Usability Effect",
        "url": "https://lawsofux.com/aesthetic-usability-effect/",
        "description": "* [English](https://lawsofux.com/aesthetic-usability-effect/) * [Español](https://lawsofux.com/es/efecto-de-est%C3%A9tica-usabilidad/) * [Francais](ht...",
        "tags": [
          "heuristics",
          "principles",
          "psychology"
        ]
      },
      {
        "title": "Miller’s Law",
        "url": "https://lawsofux.com/millers-law/",
        "description": "* [English](https://lawsofux.com/millers-law/) * [Español](https://lawsofux.com/es/ley-de-miller/) * [Francais](https://lawsofux.com/fr/loi-de-miller/...",
        "tags": [
          "heuristics",
          "principles",
          "psychology"
        ]
      },
      {
        "title": "Occam’s Razor",
        "url": "https://lawsofux.com/occams-razor/",
        "description": "* [English](https://lawsofux.com/occams-razor/) * [Español](https://lawsofux.com/es/la-navaja-de-occam/) * [Francais](https://lawsofux.com/fr/le-rasoi...",
        "tags": [
          "heuristics",
          "principles",
          "psychology"
        ]
      }
    ]
  },
  "deep_dive": {
    "topics": [
      {
        "name": "Understanding Usability Heuristics",
        "pillar": "UX Fundamentals",
        "level": "Advanced",
        "summary": "Applying usability heuristics to design a user interface can significantly improve the overall UX, making it essential for Explorer designers to grasp these principles.",
        "practice_points": [
          "Analyze 5 existing products and identify areas where usability heuristics are applied or not applied, documenting findings in a report",
          "Create a comprehensive list of usability heuristics with examples and explanations, using reference materials such as Nielsen's Heuristics",
          "Design a user interface for a hypothetical product, applying at least 3 usability heuristics to guide the design process"
        ]
      },
      {
        "name": "Aesthetic-Usability Effect",
        "pillar": "UX Fundamentals",
        "level": "Beginner",
        "summary": "Exploring the aesthetic-usability effect can help designers create interfaces that are both visually appealing and usable, a crucial skill for Explorer designers to develop.",
        "practice_points": [
          "Conduct 2 user interviews using the Aesthetic-Usability Effect framework to understand how users perceive visual design elements",
          "Create 3 wireframes of different design concepts, each incorporating a unique aesthetic element (e.g., color, typography), and evaluate which one is most usable"
        ]
      },
      {
        "name": "User Research Methods",
        "pillar": "User Research & Validation",
        "level": "Beginner",
        "summary": "Mastering user research methods is vital for Explorer designers to gather actionable insights that inform design decisions, making this topic a priority.",
        "practice_points": [
          "Conduct 2 user interviews using the Jobs-to-be-Done framework and document findings in a report",
          "Create a survey or questionnaire to gather information about users' pain points and goals related to a specific product or service"
        ]
      }
    ]
  },
  "layout": {
    "section_order": [
      "hero",
      "stage-readup",
      "skill-breakdown",
      "resources",
      "deep-dive",
      "improvement-plan",
      "jobs"
    ],
    "section_visibility": {
      "hero": true,
      "stage-readup": true,
      "skill-breakdown": true,
      "resources": true,
      "deep-dive": true,
      "improvement-plan": true,
      "jobs": true
    },
    "content_depth": {
      "resources": "detailed",
      "deep-dive": "standard",
      "improvement-plan": "standard"
    },
    "priority_message": "Focus message"
  },
  "insights": {
    "insights": [
      {
        "category": "UX Fundamentals",
        "brief": "Score meaning for Explorer, indicating a need to improve foundational understanding of UX principles.",
        "detailed": "The low score in UX Fundamentals suggests that the designer may not fully comprehend key concepts such as user-centered design, wireframing, and usability testing. This lack of foundation can lead to subpar designs that fail to meet user needs. Additionally, it may result in a poor overall user experience.",
        "actionable": [
          "Take online courses or attend workshops to improve understanding of UX fundamentals",
          "Read books and articles on UX design principles to deepen knowledge",
          "Join online communities or forums to stay updated with industry trends"
        ]
      },
      {
        "category": "UI Craft & Visual Design",
        "brief": "Score meaning for Explorer, indicating a need to enhance visual design skills.",
        "detailed": "The moderate score in UI Craft & Visual Design suggests that the designer has some experience with visual design principles, but may not have mastered advanced techniques such as color theory, typography, and composition. This could lead to designs that are visually appealing but lack depth and sophistication.",
        "actionable": [
          "Practice designing for different mediums (e.g., web, mobile, print) to broaden skill set",
          "Study the work of renowned designers and analyze their design decisions",
          "Experiment with new design tools and software to stay up-to-date"
        ]
      },
      {
        "category": "User Research & Validation",
        "brief": "Score meaning for Explorer, indicating a need to improve user research skills.",
        "detailed": "The low score in User Research & Validation suggests that the designer may not have conducted sufficient user research or validated their design decisions. This can lead to designs that do not meet user needs and are therefore unsuccessful. Additionally, it may result in a lack of empathy for users' pain points.",
        "actionable": [
          "Take online courses or attend workshops on user research methods",
          "Participate in usability testing and gather feedback from real users",
          "Read books and articles on user research best practices to deepen knowledge"
        ]
      },
      {
        "category": "Product Thinking & Strategy",
        "brief": "Score meaning for Explorer, indicating a need to enhance product thinking skills.",
        "detailed": "The moderate score in Product Thinking & Strategy suggests that the designer has some understanding of product development principles, but may not have mastered strategic thinking. This could lead to designs that are functional but lack a clear vision or direction.",
        "actionable": [
          "Study the design process and learn about Agile methodologies",
          "Read books and articles on product strategy and development",
          "Join online communities or forums to stay updated with industry trends"
        ]
      },
      {
        "category": "Collaboration & Communication",
        "brief": "Score meaning for Explorer, indicating a need to improve collaboration and communication skills.",
        "detailed": "The low score in Collaboration & Communication suggests that the designer may not have developed strong working relationships with stakeholders or effectively communicated design decisions. This can lead to misunderstandings, delays, and ultimately, unsuccessful designs.",
        "actionable": [
          "Practice active listening and ask clarifying questions during meetings",
          "Take online courses or attend workshops on effective communication skills",
          "Join a design community or group to practice collaboration and feedback"
        ]
      }
    ]
  },
  "generated_at": "2025-11-22T18:05:33.186254"
}