{
  "score": 26,
  "stage": "Explorer",
  "categories": [
    {
      "name": "UX Fundamentals",
      "score": 20,
      "maxScore": 100
    },
    {
      "name": "UI Craft & Visual Design",
      "score": 20,
      "maxScore": 100
    },
    {
      "name": "User Research & Validation",
      "score": 27,
      "maxScore": 100
    },
    {
      "name": "Product Thinking & Strategy",
      "score": 33,
      "maxScore": 100
    },
    {
      "name": "Collaboration & Communication",
      "score": 31,
      "maxScore": 100
    }
  ],
  "improvement_plan": {
    "weeks": [
      {
        "week": 1,
        "tasks": [
          "Create a simple wireframe of a login form using the 8-point grid system, focusing on proper alignment and spacing (Reference: https://lawsofux.com/8-point-grid-system).",
          "Write down 5 common UX principles that you've learned so far, but don't fully understand. Research each principle and create a brief summary of its meaning and application (Reference: https://nngroup.com/articles/ten-usability-heuristics/).",
          "Sketch out 3 different error states for a login form, focusing on clear and concise messaging. Use Occam's Razor to simplify the design."
        ]
      },
      {
        "week": 2,
        "tasks": [
          "Create a low-fidelity prototype of a navigation menu using paper sketches or digital tools like Figma or Sketch. Focus on usability and simplicity (Reference: https://lawsofux.com/8-point-grid-system).",
          "Conduct 1 user interview and document 3 pain points related to the navigation menu using the Jobs-to-be-Done framework. Take notes on the user's thoughts and feelings about the current design.",
          "Design a new color palette for your portfolio's navigation, focusing on contrast and visual hierarchy (Reference: https://lawsofux.com/aesthetic-usability-effect/)."
        ]
      },
      {
        "week": 3,
        "tasks": [
          "Create a high-fidelity prototype of the navigation menu using digital tools like Figma or Sketch. Focus on usability, simplicity, and visual appeal (Reference: https://lawsofux.com/8-point-grid-system).",
          "Conduct 1 user testing session with your navigation menu prototype and document 5 new pain points or insights gained from the feedback.",
          "Design a new typography system for your portfolio's navigation, focusing on legibility and consistency (Reference: https://nngroup.com/articles/ten-usability-heuristics/)."
        ]
      },
      {
        "week": 4,
        "tasks": [
          "Create a comprehensive design system document for your portfolio's navigation, including all the elements you've designed so far. Use Occam's Razor to simplify and streamline the content.",
          "Conduct 2 user interviews and document 10 pain points or insights gained from the feedback on your navigation menu design using the Jobs-to-be-Done framework.",
          "Design a new icon set for your portfolio's navigation, focusing on simplicity and visual appeal (Reference: https://lawsofux.com/aesthetic-usability-effect/)."
        ]
      }
    ]
  },
  "resources": {
    "readup": "As an Explorer UX designer, your role is to uncover new ideas and possibilities by immersing yourself in user research, testing assumptions, and crafting intuitive designs that spark curiosity and drive exploration. By leveraging your strengths in product thinking, collaboration, and communication, you have the power to shape the future of products and experiences that delight users.",
    "resources": [
      {
        "title": "10 Usability Heuristics for User Interface Design",
        "url": "https://www.nngroup.com/articles/ten-usability-heuristics/",
        "description": "7 10 Usability Heuristics for User Interface Design ================================================= Jakob Nielsen ![](https://media.nngroup.com/medi...",
        "tags": []
      },
      {
        "title": "Laws of UX",
        "url": "https://lawsofux.com/",
        "description": "* [English](https://lawsofux.com/) * [Español](https://lawsofux.com/es/) * [Francais](https://lawsofux.com/fr/) * [عربي](https://lawsofux.com/ar/) * [...",
        "tags": [
          "heuristics",
          "principles",
          "psychology"
        ]
      },
      {
        "title": "Aesthetic-Usability Effect",
        "url": "https://lawsofux.com/aesthetic-usability-effect/",
        "description": "* [English](https://lawsofux.com/aesthetic-usability-effect/) * [Español](https://lawsofux.com/es/efecto-de-est%C3%A9tica-usabilidad/) * [Francais](ht...",
        "tags": [
          "heuristics",
          "principles",
          "psychology"
        ]
      },
      {
        "title": "Occam’s Razor",
        "url": "https://lawsofux.com/occams-razor/",
        "description": "* [English](https://lawsofux.com/occams-razor/) * [Español](https://lawsofux.com/es/la-navaja-de-occam/) * [Francais](https://lawsofux.com/fr/le-rasoi...",
        "tags": [
          "heuristics",
          "principles",
          "psychology"
        ]
      },
      {
        "title": "Miller’s Law",
        "url": "https://lawsofux.com/millers-law/",
        "description": "* [English](https://lawsofux.com/millers-law/) * [Español](https://lawsofux.com/es/ley-de-miller/) * [Francais](https://lawsofux.com/fr/loi-de-miller/...",
        "tags": [
          "heuristics",
          "principles",
          "psychology"
        ]
      }
    ]
  },
  "deep_dive": {
    "topics": [
      {
        "name": "Applying Occam's Razor for Simplified UI Design",
        "pillar": "UX Fundamentals",
        "level": "Beginner",
        "summary": "Mastering Occam's Razor will help you eliminate unnecessary complexity in your designs, resulting in a more intuitive user experience.",
        "practice_points": [
          "Analyze 3 existing products and identify areas where Occam's Razor can be applied to simplify their UI design. Document findings and propose simplified solutions.",
          "Create a case study of a successful product that effectively uses Occam's Razor to reduce cognitive load. Explain the design decisions and their impact on user experience."
        ]
      },
      {
        "name": "Conducting User Interviews with the Jobs-to-be-Done Framework",
        "pillar": "User Research & Validation",
        "level": "Beginner",
        "summary": "Using the Jobs-to-be-Done framework will help you uncover users' underlying motivations and behaviors, leading to more effective design solutions.",
        "practice_points": [
          "Conduct 2 user interviews using the Jobs-to-be-Done framework and document findings. Analyze the results to identify patterns and insights that can inform your design decisions.",
          "Create a user persona based on your research findings. Ensure the persona accurately represents the target audience's needs, motivations, and behaviors."
        ]
      },
      {
        "name": "Applying Jakob’s Law for Effective Navigation",
        "pillar": "UI Craft & Visual Design",
        "level": "Beginner",
        "summary": "Mastering Jakob’s Law will help you create intuitive navigation that minimizes cognitive load and maximizes user engagement.",
        "practice_points": [
          "Analyze 3 existing websites or applications that effectively use Jakob’s Law for navigation. Document the design decisions and explain how they contribute to a seamless user experience.",
          "Design and test 2 different navigation prototypes using Jakob’s Law as a guiding principle. Analyze the results to identify areas for improvement and optimize the navigation for better user engagement."
        ]
      }
    ]
  },
  "layout": {
    "section_order": [
      "hero",
      "stage-readup",
      "skill-breakdown",
      "resources",
      "deep-dive",
      "improvement-plan",
      "jobs"
    ],
    "section_visibility": {
      "hero": true,
      "stage-readup": true,
      "skill-breakdown": true,
      "resources": true,
      "deep-dive": true,
      "improvement-plan": true,
      "jobs": true
    },
    "content_depth": {
      "resources": "detailed",
      "deep-dive": "standard",
      "improvement-plan": "standard"
    },
    "priority_message": "Focus message"
  },
  "insights": {
    "insights": [
      {
        "category": "UX Fundamentals",
        "brief": "Score meaning for Explorer, indicating a need to improve fundamental understanding of UX principles.",
        "detailed": "The low score in UX Fundamentals suggests that the designer may not fully comprehend essential UX concepts such as user-centered design, wireframing, and usability testing. This lack of foundation can lead to subpar designs and poor user experiences. ",
        "actionable": [
          "Take a UX design course",
          "Read industry-standard UX books",
          "Join online UX communities for feedback"
        ]
      },
      {
        "category": "UI Craft & Visual Design",
        "brief": "Score meaning for Explorer, indicating a need to enhance visual design skills and knowledge.",
        "detailed": "The low score in UI Craft & Visual Design implies that the designer may not possess sufficient expertise in visual design principles, color theory, typography, and layout. This can result in unappealing or inconsistent designs that fail to engage users. ",
        "actionable": [
          "Enroll in a UI design course",
          "Study design systems and human-centered design",
          "Experiment with different design tools and software"
        ]
      },
      {
        "category": "User Research & Validation",
        "brief": "Score meaning for Explorer, indicating a need to improve research skills and validation processes.",
        "detailed": "The moderate score in User Research & Validation suggests that the designer has some knowledge of user research methods but may not fully understand how to apply them effectively. This can lead to designs that don't accurately represent user needs or behaviors. ",
        "actionable": [
          "Conduct user interviews and usability testing",
          "Learn about A/B testing and experimentation",
          "Join online communities for user research best practices"
        ]
      },
      {
        "category": "Product Thinking & Strategy",
        "brief": "Score meaning for Explorer, indicating a need to enhance product understanding and strategic thinking.",
        "detailed": "The moderate-high score in Product Thinking & Strategy indicates that the designer has some knowledge of product development processes but may not fully grasp how to integrate user needs into product strategies. This can result in products that don't meet user expectations or are overly complex. ",
        "actionable": [
          "Read product strategy books",
          "Take a product management course",
          "Join online communities for product thinking discussions"
        ]
      },
      {
        "category": "Collaboration & Communication",
        "brief": "Score meaning for Explorer, indicating a need to improve collaboration and communication skills.",
        "detailed": "The high score in Collaboration & Communication suggests that the designer is skilled at working with others and communicating effectively. However, this skillset may not be directly applicable to product development or design decisions. ",
        "actionable": [
          "Practice active listening and empathy",
          "Learn about conflict resolution and negotiation techniques",
          "Join a design team or collaborate on projects"
        ]
      }
    ]
  },
  "generated_at": "2025-11-22T18:04:37.507478"
}