{
  "score": 95,
  "stage": "Strategic Lead",
  "categories": [
    {
      "name": "UX Fundamentals",
      "score": 97,
      "maxScore": 100
    },
    {
      "name": "UI Craft & Visual Design",
      "score": 97,
      "maxScore": 100
    },
    {
      "name": "User Research & Validation",
      "score": 97,
      "maxScore": 100
    },
    {
      "name": "Product Thinking & Strategy",
      "score": 86,
      "maxScore": 100
    },
    {
      "name": "Collaboration & Communication",
      "score": 97,
      "maxScore": 100
    }
  ],
  "improvement_plan": {
    "weeks": [
      {
        "week": 1,
        "tasks": [
          "Review the 10 Usability Heuristics for User Interface Design (nngroup.com) and identify 3 areas where you can apply them to your current design work. Create a list of actionable steps to implement these heuristics in your next project. (Reference: https://www.nngroup.com/articles/ten-usability-heuristics/) Score improvement: +3%",
          "Analyze your portfolio's navigation using the 8-point grid system and identify 2 areas where you can improve user flow. Redesign these sections with a clear, concise navigation. (Reference: https://lawsofux.com/aesthetic-usability-effect/)",
          "Conduct a self-assessment of your current design process, identifying 3 pain points or inefficiencies. Create a plan to address these issues and document your findings in a 1-page report."
        ]
      },
      {
        "week": 2,
        "tasks": [
          "Apply Tesler's Law (lawsofux.com) to your current design work, identifying 3 areas where you can improve the user experience. Create a wireframe or sketch of each area and document your design decisions. Score improvement: +5%",
          "Create a mind map or diagram illustrating the relationships between Hick’s Law (lawsofux.com), Tesler's Law, and Aesthetic-Usability Effect. Use this visual aid to help you understand how these concepts relate to user experience. Score improvement: +2%",
          "Conduct 1 user interview using the Jobs-to-be-Done framework and document 3 pain points or opportunities for improvement. Review your findings and create a plan to address them in your next project."
        ]
      },
      {
        "week": 3,
        "tasks": [
          "Develop a comprehensive design strategy for a new product feature, incorporating principles of Product Thinking & Strategy (e.g., user needs, business goals). Create a written report outlining your design decisions and rationale. Score improvement: +10%",
          "Create 2 personas using the Jobs-to-be-Done framework, illustrating the motivations and behaviors of your target users. Review your findings and document any insights or surprises you discovered. Score improvement: +5%",
          "Conduct a self-assessment of your collaboration and communication skills, identifying areas for improvement. Create a plan to work on these skills, including specific actions and resources (e.g., books, courses)."
        ]
      },
      {
        "week": 4,
        "tasks": [
          "Design and pitch a comprehensive redesign of your portfolio's navigation using the 8-point grid system and principles of UX Fundamentals. Present your design to a peer or mentor and receive feedback. Score improvement: +15%",
          "Develop a written report outlining your progress over the past 4 weeks, including specific accomplishments and lessons learned. Review your findings and document any insights or surprises you discovered. Score improvement: +10%",
          "Create a capstone project that demonstrates your mastery of Product Thinking & Strategy, incorporating principles from your design strategy developed in Week 3. Present your project to a peer or mentor and receive feedback."
        ]
      }
    ]
  },
  "resources": {
    "readup": "As a Strategic Lead UX designer, you have the unique opportunity to drive business growth through user-centered design solutions. With your exceptional skills in UX Fundamentals, UI Craft & Visual Design, and Collaboration & Communication, you can effectively lead cross-functional teams to deliver innovative products that exceed user expectations.",
    "resources": [
      {
        "title": "10 Usability Heuristics for User Interface Design",
        "url": "https://www.nngroup.com/articles/ten-usability-heuristics/",
        "description": "7 10 Usability Heuristics for User Interface Design ================================================= Jakob Nielsen ![](https://media.nngroup.com/medi...",
        "tags": []
      },
      {
        "title": "Laws of UX",
        "url": "https://lawsofux.com/",
        "description": "* [English](https://lawsofux.com/) * [Español](https://lawsofux.com/es/) * [Francais](https://lawsofux.com/fr/) * [عربي](https://lawsofux.com/ar/) * [...",
        "tags": [
          "heuristics",
          "principles",
          "psychology"
        ]
      },
      {
        "title": "Aesthetic-Usability Effect",
        "url": "https://lawsofux.com/aesthetic-usability-effect/",
        "description": "* [English](https://lawsofux.com/aesthetic-usability-effect/) * [Español](https://lawsofux.com/es/efecto-de-est%C3%A9tica-usabilidad/) * [Francais](ht...",
        "tags": [
          "heuristics",
          "principles",
          "psychology"
        ]
      },
      {
        "title": "Hick’s Law",
        "url": "https://lawsofux.com/hicks-law/",
        "description": "* [English](https://lawsofux.com/hicks-law/) * [Español](https://lawsofux.com/es/ley-de-hick/) * [Francais](https://lawsofux.com/fr/loi-de-hick/) * [ع...",
        "tags": [
          "heuristics",
          "principles",
          "psychology"
        ]
      },
      {
        "title": "Tesler’s Law",
        "url": "https://lawsofux.com/teslers-law/",
        "description": "* [English](https://lawsofux.com/teslers-law/) * [Español](https://lawsofux.com/es/ley-de-tesler/) * [Francais](https://lawsofux.com/fr/loi-de-tesler/...",
        "tags": [
          "heuristics",
          "principles",
          "psychology"
        ]
      }
    ]
  },
  "deep_dive": {
    "topics": [
      {
        "name": "Understanding Hick's Law and its Application in Strategic UX Design",
        "pillar": "UX Fundamentals",
        "level": "Advanced",
        "summary": "As a Strategic Lead, understanding the limitations of human decision-making can inform more effective UX design decisions.",
        "practice_points": [
          "Analyze 3 existing products or services and identify instances where Hick's Law applies. Document specific design changes that could mitigate these limitations.",
          "Create a heuristic evaluation checklist using Hick's Law as a foundation, focusing on user interface elements like button sizes and navigation menus."
        ]
      },
      {
        "name": "Developing a Product Thinking Framework for Strategic UX Design",
        "pillar": "Product Thinking & Strategy",
        "level": "Intermediate",
        "summary": "Strategic UX designers need to integrate product thinking into their workflow to create more effective user experiences.",
        "practice_points": [
          "Research and document 2 successful products that have effectively integrated product thinking into their design processes. Analyze the key strategies used in these examples."
        ]
      },
      {
        "name": "Applying Tesler's Law to Inform Strategic UX Design Decisions",
        "pillar": "UX Fundamentals",
        "level": "Beginner/Intermediate",
        "summary": "Tesler's Law provides insight into how users process information, helping designers make more informed decisions.",
        "practice_points": [
          "Conduct 2 usability testing sessions using Tesler's Law as a guiding principle. Document the results and identify areas for improvement."
        ]
      }
    ]
  },
  "layout": {
    "section_order": [
      "hero",
      "stage-readup",
      "skill-breakdown",
      "resources",
      "deep-dive",
      "improvement-plan",
      "jobs"
    ],
    "section_visibility": {
      "hero": true,
      "stage-readup": true,
      "skill-breakdown": true,
      "resources": true,
      "deep-dive": true,
      "improvement-plan": true,
      "jobs": true
    },
    "content_depth": {
      "resources": "detailed",
      "deep-dive": "standard",
      "improvement-plan": "standard"
    },
    "priority_message": "Focus message"
  },
  "insights": null,
  "generated_at": "2025-11-22T19:15:33.844576"
}