{
  "score": 38,
  "stage": "Explorer",
  "categories": [
    {
      "name": "UX Fundamentals",
      "score": 48,
      "maxScore": 100
    },
    {
      "name": "UI Craft & Visual Design",
      "score": 41,
      "maxScore": 100
    },
    {
      "name": "User Research & Validation",
      "score": 41,
      "maxScore": 100
    },
    {
      "name": "Product Thinking & Strategy",
      "score": 31,
      "maxScore": 100
    },
    {
      "name": "Collaboration & Communication",
      "score": 30,
      "maxScore": 100
    }
  ],
  "improvement_plan": {
    "weeks": [
      {
        "week": 1,
        "tasks": [
          "Create a simple wireframe of a login form using the 8-point grid system to improve navigation, focusing on error states you missed (Reference: https://lawsofux.com/8-point-grid-system).",
          "Write down 3 pain points from your own experience with collaboration and communication in design teams. Use the Jobs-to-be-Done framework to identify user needs (Reference: lawsofux.com).",
          "Design a new navigation menu for your portfolio using the 8-point grid system, focusing on clear typography and concise labels."
        ]
      },
      {
        "week": 2,
        "tasks": [
          "Create a low-fidelity wireframe of a checkout flow, incorporating Tesler’s Law (lawsofux.com) to reduce cognitive load. Focus on simplifying the process.",
          "Conduct 1 user interview and document 3 pain points using the Zeigarnik Effect (lawsofux.com).",
          "Redesign your portfolio's navigation menu using a simple, intuitive layout, focusing on clear typography and concise labels."
        ]
      },
      {
        "week": 3,
        "tasks": [
          "Create an interactive prototype of a login form using the Aesthetic-Usability Effect (lawsofux.com) to improve user experience. Focus on visual appeal.",
          "Write down 5 principles for effective collaboration and communication in design teams, referencing the Laws of UX (lawsofux.com).",
          "Design a new color palette for your portfolio's navigation menu, focusing on contrast and usability."
        ]
      },
      {
        "week": 4,
        "tasks": [
          "Create an advanced interactive prototype of a checkout flow using the Aesthetic-Usability Effect (lawsofux.com) to improve user experience. Focus on visual appeal and usability.",
          "Conduct 2 user interviews and document 5 pain points using the Tesler’s Law (lawsofux.com).",
          "Redesign your portfolio's navigation menu using a complex, intuitive layout, focusing on clear typography and concise labels."
        ]
      }
    ]
  },
  "resources": {
    "readup": "As an Explorer UX designer, you have the unique opportunity to shape the user experience of innovative products and services. To excel in this role, focus on developing a strong foundation in UX fundamentals, UI craft, and collaboration, while continually seeking opportunities for growth and improvement.",
    "resources": [
      {
        "title": "10 Usability Heuristics for User Interface Design",
        "url": "https://www.nngroup.com/articles/ten-usability-heuristics/",
        "description": "7 10 Usability Heuristics for User Interface Design ================================================= Jakob Nielsen ![](https://media.nngroup.com/medi...",
        "tags": []
      },
      {
        "title": "Laws of UX",
        "url": "https://lawsofux.com/",
        "description": "* [English](https://lawsofux.com/) * [Español](https://lawsofux.com/es/) * [Francais](https://lawsofux.com/fr/) * [عربي](https://lawsofux.com/ar/) * [...",
        "tags": [
          "heuristics",
          "principles",
          "psychology"
        ]
      },
      {
        "title": "Aesthetic-Usability Effect",
        "url": "https://lawsofux.com/aesthetic-usability-effect/",
        "description": "* [English](https://lawsofux.com/aesthetic-usability-effect/) * [Español](https://lawsofux.com/es/efecto-de-est%C3%A9tica-usabilidad/) * [Francais](ht...",
        "tags": [
          "heuristics",
          "principles",
          "psychology"
        ]
      },
      {
        "title": "Zeigarnik Effect",
        "url": "https://lawsofux.com/zeigarnik-effect/",
        "description": "* [English](https://lawsofux.com/zeigarnik-effect/) * [Español](https://lawsofux.com/es/efecto-zeigarnik/) * [Francais](https://lawsofux.com/fr/effet-...",
        "tags": [
          "heuristics",
          "principles",
          "psychology"
        ]
      },
      {
        "title": "Tesler’s Law",
        "url": "https://lawsofux.com/teslers-law/",
        "description": "* [English](https://lawsofux.com/teslers-law/) * [Español](https://lawsofux.com/es/ley-de-tesler/) * [Francais](https://lawsofux.com/fr/loi-de-tesler/...",
        "tags": [
          "heuristics",
          "principles",
          "psychology"
        ]
      }
    ]
  },
  "deep_dive": {
    "topics": [
      {
        "name": "Understanding Jakob's Law and its Application in UI Design",
        "pillar": "UX Fundamentals",
        "level": "Beginner",
        "summary": "Jakob's Law states that users read content from left to right, top to bottom. As an Explorer designer, understanding this law is crucial for creating effective UI designs.",
        "practice_points": [
          "Create a wireframe of a website with clear navigation and content hierarchy, using Jakob's Law as a guiding principle",
          "Conduct 2 usability testing sessions to validate the effectiveness of Jakob's Law in real-world scenarios",
          "Design 3 different versions of a UI element (e.g. button) that adhere to Jakob's Law and test user preferences"
        ]
      },
      {
        "name": "Applying Tesler’s Law for Consistent Branding",
        "pillar": "UI Craft & Visual Design",
        "level": "Beginner",
        "summary": "Tesler’s Law states that users prefer consistent visual elements. As an Explorer designer, applying this law can lead to a more cohesive brand identity.",
        "practice_points": [
          "Create a comprehensive style guide with consistent typography, color schemes, and spacing tokens",
          "Design 3 different versions of a logo that adhere to Tesler’s Law for consistency",
          "Conduct 2 user interviews to validate the importance of consistent branding in UX design"
        ]
      },
      {
        "name": "Using Aesthetic-Usability Effect to Improve UI Design",
        "pillar": "UX Fundamentals",
        "level": "Beginner",
        "summary": "The Aesthetic-Usability Effect states that users are more likely to engage with visually appealing designs. As an Explorer designer, incorporating this principle can lead to more engaging UX experiences.",
        "practice_points": [
          "Design 3 different versions of a UI element (e.g. button) that incorporate the Aesthetic-Usability Effect",
          "Conduct 2 usability testing sessions to validate the effectiveness of the Aesthetic-Usability Effect in real-world scenarios",
          "Create a wireframe of a website with visually appealing design elements that adhere to the Aesthetic-Usability Effect"
        ]
      }
    ]
  },
  "layout": {
    "section_order": [
      "hero",
      "stage-readup",
      "skill-breakdown",
      "resources",
      "deep-dive",
      "improvement-plan",
      "jobs"
    ],
    "section_visibility": {
      "hero": true,
      "stage-readup": true,
      "skill-breakdown": true,
      "resources": true,
      "deep-dive": true,
      "improvement-plan": true,
      "jobs": true
    },
    "content_depth": {
      "resources": "detailed",
      "deep-dive": "standard",
      "improvement-plan": "standard"
    },
    "priority_message": "Focus message"
  },
  "insights": {
    "insights": [
      {
        "category": "UX Fundamentals",
        "brief": "Score meaning for Explorer, indicating areas where UX principles need improvement.",
        "detailed": "The low score in UX Fundamentals suggests that the design may not be following best practices, leading to a poor user experience. This could be due to issues with layout, navigation, or interaction design.",
        "actionable": [
          "Conduct a heuristic evaluation of the design to identify usability issues and areas for improvement",
          "Research industry standards and best practices in UX design to update knowledge and skills",
          "Create a style guide to ensure consistency in design elements and principles"
        ]
      },
      {
        "category": "UI Craft & Visual Design",
        "brief": "Score meaning for Explorer, indicating areas where visual design needs improvement.",
        "detailed": "The low score in UI Craft & Visual Design suggests that the design may not be visually appealing or effective in communicating information. This could be due to issues with color scheme, typography, or imagery.",
        "actionable": [
          "Create a mood board to identify and refine visual design elements",
          "Research current design trends and styles to update knowledge and skills",
          "Develop a visual design system to ensure consistency across the product"
        ]
      },
      {
        "category": "User Research & Validation",
        "brief": "Score meaning for Explorer, indicating areas where user research needs improvement.",
        "detailed": "The low score in User Research & Validation suggests that the design may not be meeting user needs or expectations. This could be due to issues with user personas, user journeys, or usability testing.",
        "actionable": [
          "Conduct user interviews and surveys to gather feedback and validate assumptions",
          "Create user personas and user journeys to inform design decisions",
          "Plan and conduct usability testing to identify areas for improvement"
        ]
      },
      {
        "category": "Product Thinking & Strategy",
        "brief": "Score meaning for Explorer, indicating areas where product thinking needs improvement.",
        "detailed": "The low score in Product Thinking & Strategy suggests that the design may not be aligned with business goals or user needs. This could be due to issues with product vision, customer segments, or market analysis.",
        "actionable": [
          "Develop a product roadmap to align design decisions with business goals",
          "Research target customer segments and create buyer personas",
          "Analyze market trends and competitor products to inform design decisions"
        ]
      },
      {
        "category": "Collaboration & Communication",
        "brief": "Score meaning for Explorer, indicating areas where collaboration and communication need improvement.",
        "detailed": "The low score in Collaboration & Communication suggests that the design team may not be effectively communicating with stakeholders or working collaboratively. This could be due to issues with project management, stakeholder engagement, or team dynamics.",
        "actionable": [
          "Create a project plan and timeline to ensure clear communication and task assignments",
          "Establish regular check-ins and feedback loops with stakeholders and team members",
          "Develop a design process that incorporates collaboration and iteration"
        ]
      }
    ]
  },
  "generated_at": "2025-11-22T18:16:13.899120"
}