{
  "score": 76,
  "stage": "Emerging Senior",
  "categories": [
    {
      "name": "UX Fundamentals",
      "score": 77,
      "maxScore": 100
    },
    {
      "name": "UI Craft & Visual Design",
      "score": 80,
      "maxScore": 100
    },
    {
      "name": "User Research & Validation",
      "score": 78,
      "maxScore": 100
    },
    {
      "name": "Product Thinking & Strategy",
      "score": 72,
      "maxScore": 100
    },
    {
      "name": "Collaboration & Communication",
      "score": 75,
      "maxScore": 100
    }
  ],
  "improvement_plan": {
    "weeks": [
      {
        "week": 1,
        "tasks": [
          "Create a high-fidelity wireframe of a product feature you've always wanted to design, focusing on the 'Aesthetic-Usability Effect' (Lawsofux.com) and how it can improve user experience. Score improvement: +3 in UX Fundamentals",
          "Write down 5 pain points from your own research or interviews using the Jobs-to-be-Done framework (Lawsofux.com). Analyze them to identify potential solutions for a product feature. Score improvement: +2 in User Research & Validation",
          "Redesign your portfolio's navigation using the 8-point grid system (Lawsofux.com) and document the changes you made. Score improvement: +1 in UI Craft & Visual Design"
        ]
      },
      {
        "week": 2,
        "tasks": [
          "Conduct a user interview and create a persona based on the results, using Tesler’s Law (Lawsofux.com) to identify potential design flaws. Score improvement: +3 in Product Thinking & Strategy",
          "Create a list of 10 usability heuristics for user interface design (nngroup.com), focusing on Hick's Law and its impact on user experience. Score improvement: +2 in UX Fundamentals",
          "Redesign an existing product feature using the principles of Hick’s Law (Lawsofux.com) to reduce cognitive load. Score improvement: +1 in UI Craft & Visual Design"
        ]
      },
      {
        "week": 3,
        "tasks": [
          "Create a user journey map for a product feature, using the Tesler’s Law (Lawsofux.com) to identify potential pain points and design solutions. Score improvement: +2 in Product Thinking & Strategy",
          "Write an article about the importance of Hick's Law in UX design, referencing at least 3 examples from existing products. Score improvement: +1 in Collaboration & Communication",
          "Design a new product feature using the 8-point grid system (Lawsofux.com) to create a visually appealing and user-friendly interface. Score improvement: +1 in UI Craft & Visual Design"
        ]
      },
      {
        "week": 4,
        "tasks": [
          "Create a comprehensive design strategy for a product feature, using the Tesler’s Law (Lawsofux.com) to identify potential design flaws and solutions. Score improvement: +3 in Product Thinking & Strategy",
          "Develop a presentation about the importance of collaboration and communication in UX design, referencing at least 2 examples from your own experience or industry. Score improvement: +2 in Collaboration & Communication",
          "Create a portfolio piece that showcases your skills in UI Craft & Visual Design, using the principles of Hick’s Law (Lawsofux.com) to create an engaging and user-friendly interface. Score improvement: +3 in UI Craft & Visual Design"
        ]
      }
    ]
  },
  "resources": {
    "readup": "As an emerging senior UX designer, you have a solid foundation in UX Fundamentals and UI Craft & Visual Design. To take your career to the next level, focus on developing your product thinking and strategy skills, as well as collaboration and communication abilities, while continuing to refine your user research and validation methods.",
    "resources": [
      {
        "title": "Laws of UX",
        "url": "https://lawsofux.com/",
        "description": "* [English](https://lawsofux.com/) * [Español](https://lawsofux.com/es/) * [Francais](https://lawsofux.com/fr/) * [عربي](https://lawsofux.com/ar/) * [...",
        "tags": [
          "heuristics",
          "principles",
          "psychology"
        ]
      },
      {
        "title": "10 Usability Heuristics for User Interface Design",
        "url": "https://www.nngroup.com/articles/ten-usability-heuristics/",
        "description": "7 10 Usability Heuristics for User Interface Design ================================================= Jakob Nielsen ![](https://media.nngroup.com/medi...",
        "tags": []
      },
      {
        "title": "Tesler’s Law",
        "url": "https://lawsofux.com/teslers-law/",
        "description": "* [English](https://lawsofux.com/teslers-law/) * [Español](https://lawsofux.com/es/ley-de-tesler/) * [Francais](https://lawsofux.com/fr/loi-de-tesler/...",
        "tags": [
          "heuristics",
          "principles",
          "psychology"
        ]
      },
      {
        "title": "Aesthetic-Usability Effect",
        "url": "https://lawsofux.com/aesthetic-usability-effect/",
        "description": "* [English](https://lawsofux.com/aesthetic-usability-effect/) * [Español](https://lawsofux.com/es/efecto-de-est%C3%A9tica-usabilidad/) * [Francais](ht...",
        "tags": [
          "heuristics",
          "principles",
          "psychology"
        ]
      },
      {
        "title": "Hick’s Law",
        "url": "https://lawsofux.com/hicks-law/",
        "description": "* [English](https://lawsofux.com/hicks-law/) * [Español](https://lawsofux.com/es/ley-de-hick/) * [Francais](https://lawsofux.com/fr/loi-de-hick/) * [ع...",
        "tags": [
          "heuristics",
          "principles",
          "psychology"
        ]
      }
    ]
  },
  "deep_dive": {
    "topics": [
      {
        "name": "Understanding Hick’s Law and its Application in UX Design",
        "pillar": "UX Fundamentals",
        "level": "Advanced",
        "summary": "Developing a deep understanding of Hick's Law is crucial for designing intuitive interfaces, as it directly impacts users' decision-making processes.",
        "practice_points": [
          "Create 3 wireframes of a login form with varying response times and measure the impact on user behavior using A/B testing",
          "Conduct 2 usability tests to validate Hick’s Law in real-world scenarios and document findings",
          "Develop a comprehensive guide to Hick's Law, including its history, principles, and practical applications"
        ]
      },
      {
        "name": "Crafting Effective Visual Hierarchy with Aesthetic-Usability Effect",
        "pillar": "UI Craft & Visual Design",
        "level": "Advanced",
        "summary": "Mastering the Aesthetic-Usability Effect is essential for creating visually appealing and user-friendly interfaces that guide users through complex tasks.",
        "practice_points": [
          "Design 3 visual hierarchies using different typography, color, and spacing techniques to demonstrate the Aesthetic-Usability Effect",
          "Conduct a case study analysis of 2 successful products that effectively utilize the Aesthetic-Usability Effect and identify best practices",
          "Create an interactive prototype in Figma showcasing how to apply the Aesthetic-Usability Effect in real-world scenarios"
        ]
      },
      {
        "name": "Developing a User-Centered Approach with Von Restorff Effect",
        "pillar": "User Research & Validation",
        "level": "Advanced",
        "summary": "Applying the Von Restorff Effect in user research and validation helps designers create more effective and memorable interfaces that capture users' attention.",
        "practice_points": [
          "Conduct 2 interviews using the Von Restorff Effect to identify key characteristics of successful products and document findings",
          "Design an experiment to test the impact of the Von Restorff Effect on user behavior and measure results",
          "Develop a comprehensive guide to the Von Restorff Effect, including its principles, applications, and best practices"
        ]
      }
    ]
  },
  "layout": {
    "section_order": [
      "hero",
      "stage-readup",
      "skill-breakdown",
      "resources",
      "deep-dive",
      "improvement-plan",
      "jobs"
    ],
    "section_visibility": {
      "hero": true,
      "stage-readup": true,
      "skill-breakdown": true,
      "resources": true,
      "deep-dive": true,
      "improvement-plan": true,
      "jobs": true
    },
    "content_depth": {
      "resources": "detailed",
      "deep-dive": "standard",
      "improvement-plan": "standard"
    },
    "priority_message": "Focus message"
  },
  "insights": {
    "insights": [
      {
        "category": "UX Fundamentals",
        "brief": "Emerging Seniors score 77/100, indicating a solid foundation in UX principles but room for improvement.",
        "detailed": "While Emerging Seniors demonstrate a good understanding of UX fundamentals, they may struggle with more complex and nuanced design decisions. Additionally, their scores suggest that they could benefit from more practice and hands-on experience to reinforce their skills.",
        "actionable": [
          "Complete online courses or tutorials to fill knowledge gaps in UX principles",
          "Participate in design challenges or hackathons to apply UX fundamentals in real-world scenarios",
          "Seek feedback from senior designers or mentors on current portfolio work"
        ]
      },
      {
        "category": "UI Craft & Visual Design",
        "brief": "Emerging Seniors score 80/100, showcasing a strong aptitude for UI craft and visual design, but with opportunities to refine their skills.",
        "detailed": "Their high scores in this category indicate that Emerging Seniors have a good eye for aesthetics and can effectively apply design principles to create visually appealing interfaces. However, they may need to focus on developing more sophisticated design solutions and considering the broader UX implications of their work.",
        "actionable": [
          "Study the work of renowned designers and analyze their design decisions",
          "Experiment with different design tools and software to improve proficiency and efficiency",
          "Join online communities or forums to stay up-to-date with industry trends and best practices"
        ]
      },
      {
        "category": "User Research & Validation",
        "brief": "Emerging Seniors score 78/100, demonstrating a solid understanding of user research and validation methods but with room for improvement.",
        "detailed": "Their scores suggest that Emerging Seniors have a good grasp of user research techniques, including user interviews and usability testing. However, they may need to delve deeper into more advanced research methods, such as contextual inquiry or A/B testing, to further enhance their skills.",
        "actionable": [
          "Take an online course or workshop on advanced user research methods",
          "Participate in user research projects or studies to gain hands-on experience",
          "Review and analyze existing research studies to understand different methodologies"
        ]
      },
      {
        "category": "Product Thinking & Strategy",
        "brief": "Emerging Seniors score 72/100, indicating a need for improvement in product thinking and strategy.",
        "detailed": "Their scores suggest that Emerging Seniors may struggle with more abstract and strategic design decisions, such as defining product goals or identifying user needs. To improve their skills, they should focus on developing a deeper understanding of the business context and the broader UX implications of their work.",
        "actionable": [
          "Read industry publications or books on product thinking and strategy",
          "Attend workshops or conferences focused on product design and development",
          "Join online communities or forums to discuss product-related topics"
        ]
      },
      {
        "category": "Collaboration & Communication",
        "brief": "Emerging Seniors score 75/100, demonstrating a solid foundation in collaboration and communication but with opportunities for growth.",
        "detailed": "Their scores indicate that Emerging Seniors have a good understanding of the importance of effective collaboration and communication in design teams. However, they may need to work on developing their skills in areas such as conflict resolution or stakeholder management.",
        "actionable": [
          "Practice active listening and ask clarifying questions during team meetings",
          "Develop a personal project that requires collaboration with others to improve teamwork skills",
          "Seek feedback from colleagues or mentors on communication style"
        ]
      }
    ]
  },
  "generated_at": "2025-11-22T18:55:06.618351"
}