{
  "score": 49,
  "stage": "Practitioner",
  "categories": [
    {
      "name": "UX Fundamentals",
      "score": 43,
      "maxScore": 100
    },
    {
      "name": "UI Craft & Visual Design",
      "score": 52,
      "maxScore": 100
    },
    {
      "name": "User Research & Validation",
      "score": 54,
      "maxScore": 100
    },
    {
      "name": "Product Thinking & Strategy",
      "score": 44,
      "maxScore": 100
    },
    {
      "name": "Collaboration & Communication",
      "score": 51,
      "maxScore": 100
    }
  ],
  "improvement_plan": {
    "weeks": [
      {
        "week": 1,
        "tasks": [
          "Review Tesler's Law (https://lawsofux.com/teslers-law/) and create a simple diagram illustrating how it applies to your current projects. Score improvement: +5% in UX Fundamentals",
          "Identify 3 common design patterns that can lead to cognitive overload (e.g., too many options, complex layouts) and write a short paragraph explaining why they're problematic. Score improvement: +2% in UX Fundamentals"
        ]
      },
      {
        "week": 2,
        "tasks": [
          "Apply the Aesthetic-Usability Effect (https://lawsofux.com/aesthetic-usability-effect/) to redesign a simple UI element (e.g., button, input field) you've worked on in the past. Score improvement: +5% in UX Fundamentals",
          "Conduct a self-assessment of your current design process and identify 2 areas where you can improve the user research and validation phase. Create a brief plan to address these gaps. Score improvement: +3% in User Research & Validation"
        ]
      },
      {
        "week": 3,
        "tasks": [
          "Create a simple heuristic evaluation of your current portfolio's navigation using the 10 Usability Heuristics for User Interface Design (https://www.nngroup.com/articles/ten-usability-heuristics/). Score improvement: +5% in UX Fundamentals",
          "Develop a basic understanding of Hick’s Law (https://lawsofux.com/hicks-law/) and explain how it applies to your current design work. Write a short paragraph illustrating the concept. Score improvement: +2% in UX Fundamentals"
        ]
      },
      {
        "week": 4,
        "tasks": [
          "Design a comprehensive user research plan for a new product idea, incorporating the Jobs-to-be-Done framework and focusing on understanding user motivations. Score improvement: +8% in User Research & Validation",
          "Create a high-fidelity wireframe of a complex UI element (e.g., dashboard, settings panel) that incorporates principles from Product Thinking & Strategy. Score improvement: +6% in Product Thinking & Strategy"
        ]
      }
    ]
  },
  "resources": {
    "readup": "As a UX practitioner, your skills are a great foundation for growth. Focus on building upon your strengths in user research and validation to drive more effective design solutions, while also working to bridge the gaps in product thinking and strategy to unlock your full potential as a designer.",
    "resources": [
      {
        "title": "Laws of UX",
        "url": "https://lawsofux.com/",
        "description": "* [English](https://lawsofux.com/) * [Español](https://lawsofux.com/es/) * [Francais](https://lawsofux.com/fr/) * [عربي](https://lawsofux.com/ar/) * [...",
        "tags": [
          "heuristics",
          "principles",
          "psychology"
        ]
      },
      {
        "title": "10 Usability Heuristics for User Interface Design",
        "url": "https://www.nngroup.com/articles/ten-usability-heuristics/",
        "description": "7 10 Usability Heuristics for User Interface Design ================================================= Jakob Nielsen ![](https://media.nngroup.com/medi...",
        "tags": []
      },
      {
        "title": "Aesthetic-Usability Effect",
        "url": "https://lawsofux.com/aesthetic-usability-effect/",
        "description": "* [English](https://lawsofux.com/aesthetic-usability-effect/) * [Español](https://lawsofux.com/es/efecto-de-est%C3%A9tica-usabilidad/) * [Francais](ht...",
        "tags": [
          "heuristics",
          "principles",
          "psychology"
        ]
      },
      {
        "title": "Tesler’s Law",
        "url": "https://lawsofux.com/teslers-law/",
        "description": "* [English](https://lawsofux.com/teslers-law/) * [Español](https://lawsofux.com/es/ley-de-tesler/) * [Francais](https://lawsofux.com/fr/loi-de-tesler/...",
        "tags": [
          "heuristics",
          "principles",
          "psychology"
        ]
      },
      {
        "title": "Hick’s Law",
        "url": "https://lawsofux.com/hicks-law/",
        "description": "* [English](https://lawsofux.com/hicks-law/) * [Español](https://lawsofux.com/es/ley-de-hick/) * [Francais](https://lawsofux.com/fr/loi-de-hick/) * [ع...",
        "tags": [
          "heuristics",
          "principles",
          "psychology"
        ]
      }
    ]
  },
  "deep_dive": {
    "topics": [
      {
        "name": "Understanding Hick’s Law and its Impact on UX Design",
        "pillar": "UX Fundamentals",
        "level": "Beginner",
        "summary": "Applying Hick's Law to design intuitive navigation and minimize cognitive load for users.",
        "practice_points": [
          "Conduct an analysis of 3 existing websites using Hick’s Law as a guiding principle, identifying areas where the law is applied or neglected. Document findings in a report."
        ]
      },
      {
        "name": "Developing Aesthetic-Usability Effect through Visual Design",
        "pillar": "UX Fundamentals",
        "level": "Beginner",
        "summary": "Creating visually appealing designs that minimize cognitive load and enhance user experience.",
        "practice_points": [
          "Design 3 wireframes for a hypothetical product, incorporating the Aesthetic-Usability Effect to guide visual design decisions. Present findings in a presentation."
        ]
      },
      {
        "name": "Applying Tesler’s Law to Improve Information Architecture",
        "pillar": "UX Fundamentals",
        "level": "Beginner",
        "summary": "Using Tesler's Law to optimize information organization and reduce cognitive load for users.",
        "practice_points": [
          "Analyze the information architecture of 2 existing websites, applying Tesler’s Law to identify areas for improvement. Create a proposed redesign and present it in a report."
        ]
      }
    ]
  },
  "layout": {
    "section_order": [
      "hero",
      "stage-readup",
      "skill-breakdown",
      "resources",
      "deep-dive",
      "improvement-plan",
      "jobs"
    ],
    "section_visibility": {
      "hero": true,
      "stage-readup": true,
      "skill-breakdown": true,
      "resources": true,
      "deep-dive": true,
      "improvement-plan": true,
      "jobs": true
    },
    "content_depth": {
      "resources": "detailed",
      "deep-dive": "standard",
      "improvement-plan": "standard"
    },
    "priority_message": "Focus message"
  },
  "insights": null,
  "generated_at": "2025-11-22T18:27:38.233537"
}