{
  "score": 19,
  "stage": "Explorer",
  "categories": [
    {
      "name": "UX Fundamentals",
      "score": 12,
      "maxScore": 100
    },
    {
      "name": "UI Craft & Visual Design",
      "score": 27,
      "maxScore": 100
    },
    {
      "name": "User Research & Validation",
      "score": 14,
      "maxScore": 100
    },
    {
      "name": "Product Thinking & Strategy",
      "score": 27,
      "maxScore": 100
    },
    {
      "name": "Collaboration & Communication",
      "score": 17,
      "maxScore": 100
    }
  ],
  "improvement_plan": {
    "weeks": [
      {
        "week": 1,
        "tasks": [
          "Review the 10 Usability Heuristics for User Interface Design (nngroup.com) and identify 3 heuristics that you can apply to your current design work. Create a list of these heuristics and explain how they relate to your design decisions.",
          "Create a simple wireframe of a common UX pattern (e.g., login form, search bar) using the 8-point grid system. Focus on creating a clear and consistent layout.",
          "Write a short reflection (approx. 250 words) on what you learned about UX Fundamentals from the Laws of UX website. How do these principles apply to your current design work?"
        ]
      },
      {
        "week": 2,
        "tasks": [
          "Conduct a self-assessment of your user research skills by reviewing 5 existing user studies or research papers. Identify areas where you can improve and create an action plan to address them.",
          "Create a user persona for a fictional product using the Jobs-to-be-Done framework. Focus on understanding the user's motivations, goals, and pain points.",
          "Redesign your portfolio's navigation using the 8-point grid system. Ensure that the new design is intuitive, consistent, and easy to use."
        ]
      },
      {
        "week": 3,
        "tasks": [
          "Apply Occam's Razor to a current design project by identifying unnecessary complexity and simplifying it. Document your thought process and design decisions.",
          "Create a list of 5 potential user research methods (e.g., surveys, interviews, usability testing) and explain their strengths and weaknesses. Choose one method to try on a small-scale project.",
          "Write a short essay (approx. 500 words) on the importance of Aesthetic-Usability Effect in UX design. Provide examples of how this principle can be applied in your current work."
        ]
      },
      {
        "week": 4,
        "tasks": [
          "Develop a comprehensive user research plan for a hypothetical product launch. Outline the methods, tools, and timelines for conducting user research.",
          "Create a design system document that outlines the principles, components, and guidelines for your current design work. Focus on consistency and usability.",
          "Conduct 2 user interviews using the Jobs-to-be-Done framework and document 5 pain points. Analyze the results and provide recommendations for product development."
        ]
      }
    ]
  },
  "resources": {
    "readup": "As an Explorer UX designer, you have the power to shape the user experience of innovative products and services. By leveraging your skills in research, design, and collaboration, you can uncover new insights and create solutions that delight users and drive business success.",
    "resources": [
      {
        "title": "10 Usability Heuristics for User Interface Design",
        "url": "https://www.nngroup.com/articles/ten-usability-heuristics/",
        "description": "7 10 Usability Heuristics for User Interface Design ================================================= Jakob Nielsen ![](https://media.nngroup.com/medi...",
        "tags": []
      },
      {
        "title": "Laws of UX",
        "url": "https://lawsofux.com/",
        "description": "* [English](https://lawsofux.com/) * [Español](https://lawsofux.com/es/) * [Francais](https://lawsofux.com/fr/) * [عربي](https://lawsofux.com/ar/) * [...",
        "tags": [
          "heuristics",
          "principles",
          "psychology"
        ]
      },
      {
        "title": "Aesthetic-Usability Effect",
        "url": "https://lawsofux.com/aesthetic-usability-effect/",
        "description": "* [English](https://lawsofux.com/aesthetic-usability-effect/) * [Español](https://lawsofux.com/es/efecto-de-est%C3%A9tica-usabilidad/) * [Francais](ht...",
        "tags": [
          "heuristics",
          "principles",
          "psychology"
        ]
      },
      {
        "title": "Jakob’s Law",
        "url": "https://lawsofux.com/jakobs-law/",
        "description": "* [English](https://lawsofux.com/jakobs-law/) * [Español](https://lawsofux.com/es/ley-de-jakob/) * [Francais](https://lawsofux.com/fr/loi-de-jakob/) *...",
        "tags": [
          "heuristics",
          "principles",
          "psychology"
        ]
      },
      {
        "title": "Occam’s Razor",
        "url": "https://lawsofux.com/occams-razor/",
        "description": "* [English](https://lawsofux.com/occams-razor/) * [Español](https://lawsofux.com/es/la-navaja-de-occam/) * [Francais](https://lawsofux.com/fr/le-rasoi...",
        "tags": [
          "heuristics",
          "principles",
          "psychology"
        ]
      }
    ]
  },
  "deep_dive": {
    "topics": [
      {
        "name": "Understanding Usability Heuristics for UI Design",
        "pillar": "UX Fundamentals",
        "level": "Advanced",
        "summary": "Applying usability heuristics will help Explorer designers identify and address common UX pitfalls, leading to more effective design solutions.",
        "practice_points": [
          "Analyze 3 existing websites using the 10 Usability Heuristics for User Interface Design and create a list of areas for improvement",
          "Design 2 new UI components with consideration for at least 3 usability heuristics (e.g., visibility of system status, error prevention, and recovery)",
          "Create a comprehensive guide to applying Occam's Razor in UX design, including examples and case studies"
        ]
      },
      {
        "name": "Visual Design Principles for Effective UI",
        "pillar": "UI Craft & Visual Design",
        "level": "Beginner/Intermediate",
        "summary": "Mastering visual design principles will enable Explorer designers to create visually appealing and user-friendly interfaces.",
        "practice_points": [
          "Develop a personal style guide with 5 core color palettes, typography styles, and spacing conventions using Figma",
          "Create 3 wireframes for different UI elements (e.g., buttons, forms, cards) using the Aesthetic-Usability Effect as a guiding principle",
          "Design 2 interactive prototypes in Figma that incorporate micro-interactions to enhance user experience"
        ]
      },
      {
        "name": "Effective User Research Methods for UX Designers",
        "pillar": "User Research & Validation",
        "level": "Beginner/Intermediate",
        "summary": "Conducting effective user research is crucial for Explorer designers to gain a deeper understanding of users' needs and behaviors.",
        "practice_points": [
          "Conduct 2 interviews using the Jobs-to-be-Done framework and document findings, including quotes and insights",
          "Create a comprehensive user persona based on 5 existing user studies or surveys, including characteristics, goals, and pain points",
          "Design an experiment to test a specific UX hypothesis using A/B testing methods"
        ]
      }
    ]
  },
  "layout": {
    "section_order": [
      "hero",
      "stage-readup",
      "skill-breakdown",
      "resources",
      "deep-dive",
      "improvement-plan",
      "jobs"
    ],
    "section_visibility": {
      "hero": true,
      "stage-readup": true,
      "skill-breakdown": true,
      "resources": true,
      "deep-dive": true,
      "improvement-plan": true,
      "jobs": true
    },
    "content_depth": {
      "resources": "detailed",
      "deep-dive": "standard",
      "improvement-plan": "standard"
    },
    "priority_message": "Focus message"
  },
  "insights": {
    "insights": [
      {
        "category": "UX Fundamentals",
        "brief": "Explorer's UX skills need improvement to ensure a seamless user experience.",
        "detailed": "The current score of 12/100 indicates that Explorer lacks fundamental knowledge in areas such as user research, wireframing, and usability testing. This can lead to subpar designs and poor user engagement. To address this, Explorer should focus on building a strong foundation in UX principles and best practices.",
        "actionable": [
          "Take an online course or workshop to learn the fundamentals of UX design",
          "Read industry publications and blogs to stay up-to-date with the latest trends and best practices",
          "Join online communities or forums to connect with other designers and learn from their experiences"
        ]
      },
      {
        "category": "UI Craft & Visual Design",
        "brief": "Explorer's visual design skills need improvement to create visually appealing interfaces.",
        "detailed": "The current score of 27/100 suggests that Explorer has some knowledge in UI craft, but could benefit from more advanced skills in areas such as color theory, typography, and composition. This can result in designs that are aesthetically pleasing but lacking in cohesion and consistency. To improve, Explorer should focus on developing their visual design skills through hands-on practice and experimentation.",
        "actionable": [
          "Create a portfolio of personal design projects to showcase their work and receive feedback",
          "Participate in design challenges or hackathons to test their skills and learn from others",
          "Study the work of other designers and analyze what makes their designs successful"
        ]
      },
      {
        "category": "User Research & Validation",
        "brief": "Explorer's user research skills need improvement to ensure that designs meet user needs.",
        "detailed": "The current score of 14/100 indicates that Explorer lacks experience in conducting user research and validating design decisions. This can lead to designs that are not user-centered and may result in poor adoption rates. To address this, Explorer should focus on developing their skills in user research methods such as interviews, surveys, and usability testing.",
        "actionable": [
          "Take an online course or workshop to learn user research methods",
          "Conduct user interviews or surveys to gather feedback and insights"
        ]
      },
      {
        "category": "Product Thinking & Strategy",
        "brief": "Explorer's product thinking skills need improvement to create products that meet user needs.",
        "detailed": "The current score of 27/100 suggests that Explorer has some knowledge in product thinking, but could benefit from more advanced skills in areas such as market analysis, competitive research, and business modeling. This can result in designs that are not aligned with business goals or user needs. To improve, Explorer should focus on developing their product thinking skills through hands-on practice and experimentation.",
        "actionable": [
          "Read industry reports and articles to stay up-to-date with the latest trends and best practices",
          "Participate in design sprints or ideation sessions to test their ideas and learn from others"
        ]
      },
      {
        "category": "Collaboration & Communication",
        "brief": "Explorer's collaboration and communication skills need improvement to work effectively with teams.",
        "detailed": "The current score of 17/100 indicates that Explorer lacks experience in collaborating with cross-functional teams and communicating design decisions. This can lead to misunderstandings, miscommunication, and poor project outcomes. To address this, Explorer should focus on developing their collaboration and communication skills through hands-on practice and feedback.",
        "actionable": [
          "Join a design community or group to connect with other designers and learn from their experiences",
          "Participate in team-building exercises or workshops to improve collaboration and communication skills"
        ]
      }
    ]
  },
  "generated_at": "2025-11-22T17:57:33.498373"
}