{
  "score": 80,
  "stage": "Emerging Senior",
  "categories": [
    {
      "name": "UX Fundamentals",
      "score": 76,
      "maxScore": 100
    },
    {
      "name": "UI Craft & Visual Design",
      "score": 80,
      "maxScore": 100
    },
    {
      "name": "User Research & Validation",
      "score": 85,
      "maxScore": 100
    },
    {
      "name": "Product Thinking & Strategy",
      "score": 81,
      "maxScore": 100
    },
    {
      "name": "Collaboration & Communication",
      "score": 79,
      "maxScore": 100
    }
  ],
  "improvement_plan": {
    "weeks": [
      {
        "week": 1,
        "tasks": [
          "Review fundamentals of UX Fundamentals",
          "Complete 2-3 online tutorials or courses",
          "Document your learning in a journal"
        ]
      },
      {
        "week": 2,
        "tasks": [
          "Practice UX Fundamentals through small projects",
          "Get feedback from peers or mentors",
          "Analyze case studies in your focus area"
        ]
      },
      {
        "week": 3,
        "tasks": [
          "Apply new skills to a real project",
          "Create a portfolio piece showcasing your work",
          "Share your progress with the community"
        ]
      },
      {
        "week": 4,
        "tasks": [
          "Review and reflect on your growth",
          "Set goals for continued improvement",
          "Identify next areas to develop"
        ]
      }
    ]
  },
  "resources": {
    "readup": "As an Emerging Senior UX designer, you possess a strong foundation in User Research & Validation, leveraging your skills to uncover insights that drive informed design decisions. However, acknowledging your current score position as low within the Emerging Senior range, it's essential to focus on bridging the gap in UX Fundamentals, where you can refine your skills and build a more solid understanding of UX principles. By dedicating time to practice and hands-on experience, you can unlock your full potential and take your design expertise to the next level.",
    "resources": [
      {
        "title": "Refactoring UI",
        "url": "https://www.refactoringui.com/",
        "description": "Elevate your UI design skills with Refactoring UI, where you'll master tactics to create stunning interfaces that drive user engagement and loyalty.",
        "tags": [
          "Visual Design",
          "Guide"
        ],
        "category": "UX Fundamentals",
        "media_type": "article"
      },
      {
        "title": "A Guide to Usability Testing",
        "url": "https://www.interaction-design.org/literature/topics/usability-testing",
        "description": "Mastering usability testing is key to delivering user-centered designs; this guide provides essential insights for Emerging Senior designers to run...",
        "tags": [
          "Testing",
          "Methods"
        ],
        "category": "UX Fundamentals",
        "media_type": "article"
      },
      {
        "title": "Material Design Guidelines",
        "url": "https://m3.material.io/",
        "description": "Master Google's Material Design Guidelines to elevate your UI craft with a cohesive visual design language that enhances user experience and boosts...",
        "tags": [
          "Design System",
          "Reference"
        ],
        "category": "UX Fundamentals",
        "media_type": "article"
      },
      {
        "title": "Just Enough Research",
        "url": "https://alistapart.com/article/just-enough-research/",
        "description": "As an emerging senior designer, learn how to balance research with project needs, avoiding unnecessary complexity and delivering insights that driv...",
        "tags": [
          "Strategy",
          "Process"
        ],
        "category": "UX Fundamentals",
        "media_type": "article"
      },
      {
        "title": "Nielsen Norman Group: UX Research Cheat Sheet",
        "url": "https://www.nngroup.com/articles/ux-research-cheat-sheet/",
        "description": "Mastering UX research is key to creating user-centered designs. The Nielsen Norman Group's UX Research Cheat Sheet provides a concise guide to esse...",
        "tags": [
          "Research",
          "Reference"
        ],
        "category": "UX Fundamentals",
        "media_type": "article"
      },
      {
        "title": "Design Reviews: A Guide",
        "url": "https://www.nngroup.com/articles/design-reviews/",
        "description": "Mastering effective design reviews is crucial for emerging senior designers like you, helping you communicate your vision, receive constructive fee...",
        "tags": [
          "Critique",
          "Feedback"
        ],
        "category": "UX Fundamentals",
        "media_type": "article"
      },
      {
        "title": "Laws of UX",
        "url": "https://lawsofux.com/",
        "description": "Master Laws of UX to strengthen your UX Fundamentals skills as a Emerging Senior designer.",
        "tags": [
          "heuristics",
          "principles",
          "psychology"
        ],
        "category": "UX Fundamentals",
        "media_type": "article"
      },
      {
        "title": "Product Thinking 101",
        "url": "https://uxdesign.cc/product-thinking-101-1d71a0784f60",
        "description": "Unlock your product design potential with Product Thinking 101, where you'll learn to identify user needs, craft compelling solutions, and drive bu...",
        "tags": [
          "Strategy",
          "Basics"
        ],
        "category": "UX Fundamentals",
        "media_type": "article"
      },
      {
        "title": "Collaborating with Developers",
        "url": "https://css-tricks.com/designers-guide-to-working-with-developers/",
        "description": "Mastering developer collaboration is key to delivering successful projects as an emerging senior designer; this resource provides actionable tips f...",
        "tags": [
          "Handoff",
          "Teamwork"
        ],
        "category": "UX Fundamentals",
        "media_type": "article"
      },
      {
        "title": "Articulating Design Decisions",
        "url": "https://www.oreilly.com/library/view/articulating-design-decisions/9781491921555/",
        "description": "Learn how to effectively communicate design decisions with stakeholders while maintaining your sanity, a crucial skill for Emerging Seniors looking...",
        "tags": [
          "Communication",
          "Stakeholders"
        ],
        "category": "UX Fundamentals",
        "media_type": "article"
      }
    ]
  },
  "deep_dive": null,
  "layout": {
    "section_order": [
      "hero",
      "stage-readup",
      "skill-breakdown",
      "resources",
      "deep-dive",
      "improvement-plan",
      "jobs"
    ],
    "section_visibility": {
      "hero": true,
      "stage-readup": true,
      "skill-breakdown": true,
      "resources": true,
      "deep-dive": true,
      "improvement-plan": true,
      "jobs": true
    },
    "content_depth": {
      "resources": "detailed",
      "deep-dive": "standard",
      "improvement-plan": "standard"
    },
    "priority_message": "Focus message"
  },
  "insights": {
    "insights": [
      {
        "category": "UX Fundamentals",
        "brief": "Your UX Fundamentals score is 76% - focus on building fundamentals in this area.",
        "detailed": "As a Emerging Senior designer, your UX Fundamentals score of 76% indicates areas for growth. Continue practicing and learning.",
        "actionable": [
          "Review core UX Fundamentals principles and best practices",
          "Complete 2-3 practical exercises in UX Fundamentals",
          "Seek feedback on your UX Fundamentals work from peers or mentors"
        ]
      },
      {
        "category": "UI Craft & Visual Design",
        "brief": "Your UI Craft & Visual Design score is 80% - focus on building fundamentals in this area.",
        "detailed": "As a Emerging Senior designer, your UI Craft & Visual Design score of 80% indicates areas for growth. Continue practicing and learning.",
        "actionable": [
          "Review core UI Craft & Visual Design principles and best practices",
          "Complete 2-3 practical exercises in UI Craft & Visual Design",
          "Seek feedback on your UI Craft & Visual Design work from peers or mentors"
        ]
      },
      {
        "category": "User Research & Validation",
        "brief": "Your User Research & Validation score is 85% - focus on building fundamentals in this area.",
        "detailed": "As a Emerging Senior designer, your User Research & Validation score of 85% indicates areas for growth. Continue practicing and learning.",
        "actionable": [
          "Review core User Research & Validation principles and best practices",
          "Complete 2-3 practical exercises in User Research & Validation",
          "Seek feedback on your User Research & Validation work from peers or mentors"
        ]
      },
      {
        "category": "Product Thinking & Strategy",
        "brief": "Your Product Thinking & Strategy score is 81% - focus on building fundamentals in this area.",
        "detailed": "As a Emerging Senior designer, your Product Thinking & Strategy score of 81% indicates areas for growth. Continue practicing and learning.",
        "actionable": [
          "Review core Product Thinking & Strategy principles and best practices",
          "Complete 2-3 practical exercises in Product Thinking & Strategy",
          "Seek feedback on your Product Thinking & Strategy work from peers or mentors"
        ]
      },
      {
        "category": "Collaboration & Communication",
        "brief": "Your Collaboration & Communication score is 79% - focus on building fundamentals in this area.",
        "detailed": "As a Emerging Senior designer, your Collaboration & Communication score of 79% indicates areas for growth. Continue practicing and learning.",
        "actionable": [
          "Review core Collaboration & Communication principles and best practices",
          "Complete 2-3 practical exercises in Collaboration & Communication",
          "Seek feedback on your Collaboration & Communication work from peers or mentors"
        ]
      }
    ]
  },
  "continuous_learning": {
    "communities": [
      {
        "name": "UX Design Community",
        "description": "Join online forums and communities to connect with other Emerging Senior designers and share your work.",
        "url": "https://www.designerhangout.co/"
      }
    ],
    "books": [
      {
        "title": "Don't Make Me Think",
        "author": "Steve Krug",
        "description": "Essential reading for Emerging Senior designers on usability principles.",
        "focus_area": "UX Fundamentals"
      }
    ],
    "courses": [],
    "tracking_tips": [
      "Keep a learning journal to track your progress as a Emerging Senior designer",
      "Set monthly goals and review your achievements",
      "Share your work regularly for feedback"
    ]
  },
  "generated_at": "2025-11-27T09:49:42.674071"
}