{
  "score": 84,
  "stage": "Emerging Senior",
  "categories": [
    {
      "name": "UX Fundamentals",
      "score": 85,
      "maxScore": 100
    },
    {
      "name": "UI Craft & Visual Design",
      "score": 77,
      "maxScore": 100
    },
    {
      "name": "User Research & Validation",
      "score": 91,
      "maxScore": 100
    },
    {
      "name": "Product Thinking & Strategy",
      "score": 76,
      "maxScore": 100
    },
    {
      "name": "Collaboration & Communication",
      "score": 92,
      "maxScore": 100
    }
  ],
  "improvement_plan": {
    "weeks": [
      {
        "week": 1,
        "tasks": [
          "Review fundamentals of Product Thinking & Strategy",
          "Complete 2-3 online tutorials or courses",
          "Document your learning in a journal"
        ]
      },
      {
        "week": 2,
        "tasks": [
          "Practice Product Thinking & Strategy through small projects",
          "Get feedback from peers or mentors",
          "Analyze case studies in your focus area"
        ]
      },
      {
        "week": 3,
        "tasks": [
          "Apply new skills to a real project",
          "Create a portfolio piece showcasing your work",
          "Share your progress with the community"
        ]
      },
      {
        "week": 4,
        "tasks": [
          "Review and reflect on your growth",
          "Set goals for continued improvement",
          "Identify next areas to develop"
        ]
      }
    ]
  },
  "resources": {
    "readup": "As an Emerging Senior UX designer, your exceptional Collaboration & Communication skills (92%) are a testament to your ability to work effectively with cross-functional teams. However, recognizing that Product Thinking & Strategy is your weakest area (76%), it's essential to focus on developing this skillset to take your design decisions to the next level. With resources like Coursera's UX Design Specialization and Nielsen Norman Group's articles on product thinking, you can bridge the gap and become a more well-rounded Strategic Lead.",
    "resources": [
      {
        "title": "Refactoring UI",
        "url": "https://www.refactoringui.com/",
        "description": "Elevate your UI design skills with Refactoring UI, a comprehensive guide for Emerging Seniors looking to refine their visual design craft and creat...",
        "tags": [
          "Visual Design",
          "Guide"
        ],
        "category": "Product Thinking & Strategy",
        "media_type": "article"
      },
      {
        "title": "A Guide to Usability Testing",
        "url": "https://www.interaction-design.org/literature/topics/usability-testing",
        "description": "Everything you need to know about running effective usability tests. Essential for Emerging Senior designers working on User Research & Validation.",
        "tags": [
          "Testing",
          "Methods"
        ],
        "category": "Product Thinking & Strategy",
        "media_type": "article"
      },
      {
        "title": "Material Design Guidelines",
        "url": "https://m3.material.io/",
        "description": "Master Google's Material Design Guidelines to elevate your UI craft, ensuring consistency, usability, and visually stunning designs that delight us...",
        "tags": [
          "Design System",
          "Reference"
        ],
        "category": "Product Thinking & Strategy",
        "media_type": "article"
      },
      {
        "title": "Articulating Design Decisions",
        "url": "https://www.oreilly.com/library/view/articulating-design-decisions/9781491921555/",
        "description": "Learn how to effectively communicate design decisions to stakeholders, maintain your sanity, and deliver exceptional user experiences in this essen...",
        "tags": [
          "Communication",
          "Stakeholders"
        ],
        "category": "Product Thinking & Strategy",
        "media_type": "article"
      },
      {
        "title": "Just Enough Research",
        "url": "https://alistapart.com/article/just-enough-research/",
        "description": "As an emerging senior designer, learn how to strike the perfect balance in user research, avoiding unnecessary complexity while still delivering va...",
        "tags": [
          "Strategy",
          "Process"
        ],
        "category": "Product Thinking & Strategy",
        "media_type": "article"
      },
      {
        "title": "Nielsen Norman Group: UX Research Cheat Sheet",
        "url": "https://www.nngroup.com/articles/ux-research-cheat-sheet/",
        "description": "Mastering UX research is key to delivering user-centered designs. The Nielsen Norman Group's UX Research Cheat Sheet provides a practical guide to ...",
        "tags": [
          "Research",
          "Reference"
        ],
        "category": "Product Thinking & Strategy",
        "media_type": "article"
      },
      {
        "title": "Collaborating with Developers",
        "url": "https://css-tricks.com/designers-guide-to-working-with-developers/",
        "description": "As an emerging senior designer, master effective handoffs with developers to deliver projects on time and exceed client expectations, ensuring seam...",
        "tags": [
          "Handoff",
          "Teamwork"
        ],
        "category": "Product Thinking & Strategy",
        "media_type": "article"
      },
      {
        "title": "Design Reviews: A Guide",
        "url": "https://www.nngroup.com/articles/design-reviews/",
        "description": "Learn how to give and receive constructive feedback that sparks growth, with effective design reviews that foster collaboration and improve communi...",
        "tags": [
          "Critique",
          "Feedback"
        ],
        "category": "Product Thinking & Strategy",
        "media_type": "article"
      },
      {
        "title": "Laws of UX",
        "url": "https://lawsofux.com/",
        "description": "Master Laws of UX to strengthen your UX Fundamentals skills as a Emerging Senior designer.",
        "tags": [
          "heuristics",
          "principles",
          "psychology"
        ],
        "category": "Product Thinking & Strategy",
        "media_type": "article"
      },
      {
        "title": "10 Usability Heuristics for User Interface Design",
        "url": "https://www.nngroup.com/articles/ten-usability-heuristics/",
        "description": "Mastering Nielsen's 10 Usability Heuristics is crucial for emerging senior designers, as it equips them with a solid foundation to create intuitive...",
        "tags": [],
        "category": "Product Thinking & Strategy",
        "media_type": "article"
      }
    ]
  },
  "deep_dive": null,
  "layout": {
    "section_order": [
      "hero",
      "stage-readup",
      "skill-breakdown",
      "resources",
      "deep-dive",
      "improvement-plan",
      "jobs"
    ],
    "section_visibility": {
      "hero": true,
      "stage-readup": true,
      "skill-breakdown": true,
      "resources": true,
      "deep-dive": true,
      "improvement-plan": true,
      "jobs": true
    },
    "content_depth": {
      "resources": "detailed",
      "deep-dive": "standard",
      "improvement-plan": "standard"
    },
    "priority_message": "Focus message"
  },
  "insights": {
    "insights": [
      {
        "category": "UX Fundamentals",
        "brief": "Your UX Fundamentals score is 85% - focus on building fundamentals in this area.",
        "detailed": "As a Emerging Senior designer, your UX Fundamentals score of 85% indicates areas for growth. Continue practicing and learning.",
        "actionable": [
          "Review core UX Fundamentals principles and best practices",
          "Complete 2-3 practical exercises in UX Fundamentals",
          "Seek feedback on your UX Fundamentals work from peers or mentors"
        ]
      },
      {
        "category": "UI Craft & Visual Design",
        "brief": "Your UI Craft & Visual Design score is 77% - focus on building fundamentals in this area.",
        "detailed": "As a Emerging Senior designer, your UI Craft & Visual Design score of 77% indicates areas for growth. Continue practicing and learning.",
        "actionable": [
          "Review core UI Craft & Visual Design principles and best practices",
          "Complete 2-3 practical exercises in UI Craft & Visual Design",
          "Seek feedback on your UI Craft & Visual Design work from peers or mentors"
        ]
      },
      {
        "category": "User Research & Validation",
        "brief": "Your User Research & Validation score is 91% - focus on building fundamentals in this area.",
        "detailed": "As a Emerging Senior designer, your User Research & Validation score of 91% indicates areas for growth. Continue practicing and learning.",
        "actionable": [
          "Review core User Research & Validation principles and best practices",
          "Complete 2-3 practical exercises in User Research & Validation",
          "Seek feedback on your User Research & Validation work from peers or mentors"
        ]
      },
      {
        "category": "Product Thinking & Strategy",
        "brief": "Your Product Thinking & Strategy score is 76% - focus on building fundamentals in this area.",
        "detailed": "As a Emerging Senior designer, your Product Thinking & Strategy score of 76% indicates areas for growth. Continue practicing and learning.",
        "actionable": [
          "Review core Product Thinking & Strategy principles and best practices",
          "Complete 2-3 practical exercises in Product Thinking & Strategy",
          "Seek feedback on your Product Thinking & Strategy work from peers or mentors"
        ]
      },
      {
        "category": "Collaboration & Communication",
        "brief": "Your Collaboration & Communication score is 92% - focus on building fundamentals in this area.",
        "detailed": "As a Emerging Senior designer, your Collaboration & Communication score of 92% indicates areas for growth. Continue practicing and learning.",
        "actionable": [
          "Review core Collaboration & Communication principles and best practices",
          "Complete 2-3 practical exercises in Collaboration & Communication",
          "Seek feedback on your Collaboration & Communication work from peers or mentors"
        ]
      }
    ]
  },
  "continuous_learning": {
    "communities": [
      {
        "name": "UX Design Community",
        "description": "Join online forums and communities to connect with other Emerging Senior designers and share your work.",
        "url": "https://www.designerhangout.co/"
      }
    ],
    "books": [
      {
        "title": "Don't Make Me Think",
        "author": "Steve Krug",
        "description": "Essential reading for Emerging Senior designers on usability principles.",
        "focus_area": "UX Fundamentals"
      }
    ],
    "courses": [],
    "tracking_tips": [
      "Keep a learning journal to track your progress as a Emerging Senior designer",
      "Set monthly goals and review your achievements",
      "Share your work regularly for feedback"
    ]
  },
  "generated_at": "2025-11-27T11:37:23.445140"
}