{
  "score": 10,
  "stage": "Explorer",
  "categories": [
    {
      "name": "UX Fundamentals",
      "score": 15,
      "maxScore": 100
    },
    {
      "name": "UI Craft & Visual Design",
      "score": 0,
      "maxScore": 100
    },
    {
      "name": "User Research & Validation",
      "score": 10,
      "maxScore": 100
    },
    {
      "name": "Product Thinking & Strategy",
      "score": 12,
      "maxScore": 100
    },
    {
      "name": "Collaboration & Communication",
      "score": 15,
      "maxScore": 100
    }
  ],
  "improvement_plan": {
    "weeks": [
      {
        "week": 1,
        "tasks": [
          "Review fundamentals of UI Craft & Visual Design",
          "Complete 2-3 online tutorials or courses",
          "Document your learning in a journal"
        ]
      },
      {
        "week": 2,
        "tasks": [
          "Practice UI Craft & Visual Design through small projects",
          "Get feedback from peers or mentors",
          "Analyze case studies in your focus area"
        ]
      },
      {
        "week": 3,
        "tasks": [
          "Apply new skills to a real project",
          "Create a portfolio piece showcasing your work",
          "Share your progress with the community"
        ]
      },
      {
        "week": 4,
        "tasks": [
          "Review and reflect on your growth",
          "Set goals for continued improvement",
          "Identify next areas to develop"
        ]
      }
    ]
  },
  "resources": {
    "readup": "As a Explorer UX designer, you have the unique opportunity to shape the user experience of innovative products and services. Given your strengths in Collaboration & Communication (15%), acknowledge that your skills shine when working with cross-functional teams and communicating design decisions effectively. However, don't be afraid to challenge yourself - focus on building your UI Craft & Visual Design skills, starting with the 10 Usability Heuristics for User Interface Design (nngroup.com), to elevate your designs and take your UX practice to the next level.",
    "resources": [
      {
        "title": "Refactoring UI",
        "url": "https://www.refactoringui.com/",
        "description": "Refactoring your own UI can elevate your design skills, making you a more versatile and sought-after Explorer designer, with tactics like intuitive...",
        "tags": [
          "Visual Design",
          "Guide"
        ],
        "category": "UI Craft & Visual Design",
        "media_type": "article"
      },
      {
        "title": "Nielsen Norman Group: UX Research Cheat Sheet",
        "url": "https://www.nngroup.com/articles/ux-research-cheat-sheet/",
        "description": "A comprehensive guide to different UX research methods and when to use them. Essential for Explorer designers working on UX Fundamentals.",
        "tags": [
          "Research",
          "Reference"
        ],
        "category": "UI Craft & Visual Design",
        "media_type": "article"
      },
      {
        "title": "Material Design Guidelines",
        "url": "https://m3.material.io/",
        "description": "Unlock Google's Material Design Guidelines to elevate your UI craft with a consistent, intuitive visual language that guides users through seamless...",
        "tags": [
          "Design System",
          "Reference"
        ],
        "category": "UI Craft & Visual Design",
        "media_type": "article"
      },
      {
        "title": "Articulating Design Decisions",
        "url": "https://www.oreilly.com/library/view/articulating-design-decisions/9781491921555/",
        "description": "As an Explorer designer, articulate your design decisions to stakeholders without losing your sanity, ensuring a seamless user experience that meet...",
        "tags": [
          "Communication",
          "Stakeholders"
        ],
        "category": "UI Craft & Visual Design",
        "media_type": "article"
      },
      {
        "title": "Laws of UX",
        "url": "https://lawsofux.com/",
        "description": "Master Laws of UX to strengthen your UX Fundamentals skills as a Explorer designer.",
        "tags": [
          "heuristics",
          "principles",
          "psychology"
        ],
        "category": "UI Craft & Visual Design",
        "media_type": "article"
      },
      {
        "title": "Collaborating with Developers",
        "url": "https://css-tricks.com/designers-guide-to-working-with-developers/",
        "description": "Mastering developer collaboration is key to delivering successful projects; learn how to smooth handoffs and improve communication with engineering...",
        "tags": [
          "Handoff",
          "Teamwork"
        ],
        "category": "UI Craft & Visual Design",
        "media_type": "article"
      },
      {
        "title": "A Guide to Usability Testing",
        "url": "https://www.interaction-design.org/literature/topics/usability-testing",
        "description": "Learn how to design products users love with effective usability testing, a crucial step in validating your ideas and ensuring user research inform...",
        "tags": [
          "Testing",
          "Methods"
        ],
        "category": "UI Craft & Visual Design",
        "media_type": "article"
      },
      {
        "title": "Design Reviews: A Guide",
        "url": "https://www.nngroup.com/articles/design-reviews/",
        "description": "Learn how to give and receive constructive feedback in design reviews, essential for effective collaboration and communication with team members as...",
        "tags": [
          "Critique",
          "Feedback"
        ],
        "category": "UI Craft & Visual Design",
        "media_type": "article"
      },
      {
        "title": "10 Usability Heuristics for User Interface Design",
        "url": "https://www.nngroup.com/articles/ten-usability-heuristics/",
        "description": "Unlock intuitive designs with Nielsen's 10 Usability Heuristics, a foundational guide for Explorer designers seeking to craft user-centered interfa...",
        "tags": [],
        "category": "UI Craft & Visual Design",
        "media_type": "article"
      },
      {
        "title": "Information Architecture Basics",
        "url": "https://www.usability.gov/what-and-why/information-architecture.html",
        "description": "Learn how to structure information that sparks user engagement and drives meaningful interactions, a fundamental skill for Explorer designers in UX...",
        "tags": [
          "IA",
          "Structure"
        ],
        "category": "UI Craft & Visual Design",
        "media_type": "article"
      }
    ]
  },
  "deep_dive": null,
  "layout": {
    "section_order": [
      "hero",
      "stage-readup",
      "skill-breakdown",
      "resources",
      "deep-dive",
      "improvement-plan",
      "jobs"
    ],
    "section_visibility": {
      "hero": true,
      "stage-readup": true,
      "skill-breakdown": true,
      "resources": true,
      "deep-dive": true,
      "improvement-plan": true,
      "jobs": true
    },
    "content_depth": {
      "resources": "detailed",
      "deep-dive": "standard",
      "improvement-plan": "standard"
    },
    "priority_message": "Focus message"
  },
  "insights": {
    "insights": [
      {
        "category": "UX Fundamentals",
        "brief": "Your UX Fundamentals score is 15% - focus on building fundamentals in this area.",
        "detailed": "As a Explorer designer, your UX Fundamentals score of 15% indicates areas for growth. Continue practicing and learning.",
        "actionable": [
          "Review core UX Fundamentals principles and best practices",
          "Complete 2-3 practical exercises in UX Fundamentals",
          "Seek feedback on your UX Fundamentals work from peers or mentors"
        ]
      },
      {
        "category": "UI Craft & Visual Design",
        "brief": "Your UI Craft & Visual Design score is 0% - focus on building fundamentals in this area.",
        "detailed": "As a Explorer designer, your UI Craft & Visual Design score of 0% indicates areas for growth. Continue practicing and learning.",
        "actionable": [
          "Review core UI Craft & Visual Design principles and best practices",
          "Complete 2-3 practical exercises in UI Craft & Visual Design",
          "Seek feedback on your UI Craft & Visual Design work from peers or mentors"
        ]
      },
      {
        "category": "User Research & Validation",
        "brief": "Your User Research & Validation score is 10% - focus on building fundamentals in this area.",
        "detailed": "As a Explorer designer, your User Research & Validation score of 10% indicates areas for growth. Continue practicing and learning.",
        "actionable": [
          "Review core User Research & Validation principles and best practices",
          "Complete 2-3 practical exercises in User Research & Validation",
          "Seek feedback on your User Research & Validation work from peers or mentors"
        ]
      },
      {
        "category": "Product Thinking & Strategy",
        "brief": "Your Product Thinking & Strategy score is 12% - focus on building fundamentals in this area.",
        "detailed": "As a Explorer designer, your Product Thinking & Strategy score of 12% indicates areas for growth. Continue practicing and learning.",
        "actionable": [
          "Review core Product Thinking & Strategy principles and best practices",
          "Complete 2-3 practical exercises in Product Thinking & Strategy",
          "Seek feedback on your Product Thinking & Strategy work from peers or mentors"
        ]
      },
      {
        "category": "Collaboration & Communication",
        "brief": "Your Collaboration & Communication score is 15% - focus on building fundamentals in this area.",
        "detailed": "As a Explorer designer, your Collaboration & Communication score of 15% indicates areas for growth. Continue practicing and learning.",
        "actionable": [
          "Review core Collaboration & Communication principles and best practices",
          "Complete 2-3 practical exercises in Collaboration & Communication",
          "Seek feedback on your Collaboration & Communication work from peers or mentors"
        ]
      }
    ]
  },
  "continuous_learning": {
    "communities": [
      {
        "name": "UX Design Community",
        "description": "Join online forums and communities to connect with other Explorer designers and share your work.",
        "url": "https://www.designerhangout.co/"
      }
    ],
    "books": [
      {
        "title": "Don't Make Me Think",
        "author": "Steve Krug",
        "description": "Essential reading for Explorer designers on usability principles.",
        "focus_area": "UX Fundamentals"
      }
    ],
    "courses": [],
    "tracking_tips": [
      "Keep a learning journal to track your progress as a Explorer designer",
      "Set monthly goals and review your achievements",
      "Share your work regularly for feedback"
    ]
  },
  "generated_at": "2025-11-26T22:54:56.295500"
}