{
  "score": 71,
  "stage": "Emerging Senior",
  "categories": [
    {
      "name": "UX Fundamentals",
      "score": 70,
      "maxScore": 100
    },
    {
      "name": "UI Craft & Visual Design",
      "score": 76,
      "maxScore": 100
    },
    {
      "name": "User Research & Validation",
      "score": 79,
      "maxScore": 100
    },
    {
      "name": "Product Thinking & Strategy",
      "score": 60,
      "maxScore": 100
    },
    {
      "name": "Collaboration & Communication",
      "score": 68,
      "maxScore": 100
    }
  ],
  "improvement_plan": {
    "weeks": [
      {
        "week": 1,
        "tasks": [
          "Review fundamentals of Product Thinking & Strategy",
          "Complete 2-3 online tutorials or courses",
          "Document your learning in a journal"
        ]
      },
      {
        "week": 2,
        "tasks": [
          "Practice Product Thinking & Strategy through small projects",
          "Get feedback from peers or mentors",
          "Analyze case studies in your focus area"
        ]
      },
      {
        "week": 3,
        "tasks": [
          "Apply new skills to a real project",
          "Create a portfolio piece showcasing your work",
          "Share your progress with the community"
        ]
      },
      {
        "week": 4,
        "tasks": [
          "Review and reflect on your growth",
          "Set goals for continued improvement",
          "Identify next areas to develop"
        ]
      }
    ]
  },
  "resources": {
    "readup": "As an Emerging Senior UX designer, your strength in User Research & Validation is a testament to your ability to uncover user needs and create empathetic designs. However, acknowledging that Product Thinking & Strategy is your weakest area, it's time to focus on building a solid foundation in UX fundamentals, visual design, and collaboration. With resources like Coursera's \"User Experience (UX) Design\" course and Nielsen Norman Group's \"Designing for User Experience\", you can improve your skills and deliver high-quality designs that meet user needs.",
    "resources": [
      {
        "title": "Refactoring UI",
        "url": "https://www.refactoringui.com/",
        "description": "Elevate your UI design skills as an emerging senior with Refactoring UI, where you'll master tactics to create stunning interfaces that delight users.",
        "tags": [
          "Visual Design",
          "Guide"
        ],
        "category": "Product Thinking & Strategy",
        "media_type": "article"
      },
      {
        "title": "Material Design Guidelines",
        "url": "https://m3.material.io/",
        "description": "Google's open-source design system that provides comprehensive UI guidelines. Essential for Emerging Senior designers working on UI Craft & Visual Design.",
        "tags": [
          "Design System",
          "Reference"
        ],
        "category": "Product Thinking & Strategy",
        "media_type": "article"
      },
      {
        "title": "A Guide to Usability Testing",
        "url": "https://www.interaction-design.org/literature/topics/usability-testing",
        "description": "Mastering usability testing is key to delivering user-centered designs that drive real results.",
        "tags": [
          "Testing",
          "Methods"
        ],
        "category": "Product Thinking & Strategy",
        "media_type": "article"
      },
      {
        "title": "Just Enough Research",
        "url": "https://alistapart.com/article/just-enough-research/",
        "description": "As an emerging senior designer, learn how to balance research depth with project needs, avoiding unnecessary complexity and delivering insights tha...",
        "tags": [
          "Strategy",
          "Process"
        ],
        "category": "Product Thinking & Strategy",
        "media_type": "article"
      },
      {
        "title": "Nielsen Norman Group: UX Research Cheat Sheet",
        "url": "https://www.nngroup.com/articles/ux-research-cheat-sheet/",
        "description": "Mastering UX research is key to delivering successful designs; this cheat sheet provides a concise guide to essential methods, empowering emerging ...",
        "tags": [
          "Research",
          "Reference"
        ],
        "category": "Product Thinking & Strategy",
        "media_type": "article"
      },
      {
        "title": "Design Reviews: A Guide",
        "url": "https://www.nngroup.com/articles/design-reviews/",
        "description": "Mastering effective design reviews is key to delivering high-quality designs and building strong working relationships with colleagues - learn how ...",
        "tags": [
          "Critique",
          "Feedback"
        ],
        "category": "Product Thinking & Strategy",
        "media_type": "article"
      },
      {
        "title": "Laws of UX",
        "url": "https://lawsofux.com/",
        "description": "Master Laws of UX to strengthen your UX Fundamentals skills as a Emerging Senior designer.",
        "tags": [
          "heuristics",
          "principles",
          "psychology"
        ],
        "category": "Product Thinking & Strategy",
        "media_type": "article"
      },
      {
        "title": "Collaborating with Developers",
        "url": "https://css-tricks.com/designers-guide-to-working-with-developers/",
        "description": "As an emerging senior designer, master handoffs with developers to deliver seamless projects, ensuring your designs meet engineering needs while ma...",
        "tags": [
          "Handoff",
          "Teamwork"
        ],
        "category": "Product Thinking & Strategy",
        "media_type": "article"
      },
      {
        "title": "Articulating Design Decisions",
        "url": "https://www.oreilly.com/library/view/articulating-design-decisions/9781491921555/",
        "description": "Learn how to effectively communicate design decisions to stakeholders, maintain your sanity, and deliver exceptional user experiences as an emergin...",
        "tags": [
          "Communication",
          "Stakeholders"
        ],
        "category": "Product Thinking & Strategy",
        "media_type": "article"
      },
      {
        "title": "10 Usability Heuristics for User Interface Design",
        "url": "https://www.nngroup.com/articles/ten-usability-heuristics/",
        "description": "Mastering Nielsen's 10 Usability Heuristics is crucial for emerging senior designers, as it equips them with a solid foundation in user-centered de...",
        "tags": [],
        "category": "Product Thinking & Strategy",
        "media_type": "article"
      }
    ]
  },
  "deep_dive": null,
  "layout": {
    "section_order": [
      "hero",
      "stage-readup",
      "skill-breakdown",
      "resources",
      "deep-dive",
      "improvement-plan",
      "jobs"
    ],
    "section_visibility": {
      "hero": true,
      "stage-readup": true,
      "skill-breakdown": true,
      "resources": true,
      "deep-dive": true,
      "improvement-plan": true,
      "jobs": true
    },
    "content_depth": {
      "resources": "detailed",
      "deep-dive": "standard",
      "improvement-plan": "standard"
    },
    "priority_message": "Focus message"
  },
  "insights": {
    "insights": [
      {
        "category": "UX Fundamentals",
        "brief": "Your UX Fundamentals score is 70% - focus on building fundamentals in this area.",
        "detailed": "As a Emerging Senior designer, your UX Fundamentals score of 70% indicates areas for growth. Continue practicing and learning.",
        "actionable": [
          "Review core UX Fundamentals principles and best practices",
          "Complete 2-3 practical exercises in UX Fundamentals",
          "Seek feedback on your UX Fundamentals work from peers or mentors"
        ]
      },
      {
        "category": "UI Craft & Visual Design",
        "brief": "Your UI Craft & Visual Design score is 76% - focus on building fundamentals in this area.",
        "detailed": "As a Emerging Senior designer, your UI Craft & Visual Design score of 76% indicates areas for growth. Continue practicing and learning.",
        "actionable": [
          "Review core UI Craft & Visual Design principles and best practices",
          "Complete 2-3 practical exercises in UI Craft & Visual Design",
          "Seek feedback on your UI Craft & Visual Design work from peers or mentors"
        ]
      },
      {
        "category": "User Research & Validation",
        "brief": "Your User Research & Validation score is 79% - focus on building fundamentals in this area.",
        "detailed": "As a Emerging Senior designer, your User Research & Validation score of 79% indicates areas for growth. Continue practicing and learning.",
        "actionable": [
          "Review core User Research & Validation principles and best practices",
          "Complete 2-3 practical exercises in User Research & Validation",
          "Seek feedback on your User Research & Validation work from peers or mentors"
        ]
      },
      {
        "category": "Product Thinking & Strategy",
        "brief": "Your Product Thinking & Strategy score is 60% - focus on building fundamentals in this area.",
        "detailed": "As a Emerging Senior designer, your Product Thinking & Strategy score of 60% indicates areas for growth. Continue practicing and learning.",
        "actionable": [
          "Review core Product Thinking & Strategy principles and best practices",
          "Complete 2-3 practical exercises in Product Thinking & Strategy",
          "Seek feedback on your Product Thinking & Strategy work from peers or mentors"
        ]
      },
      {
        "category": "Collaboration & Communication",
        "brief": "Your Collaboration & Communication score is 68% - focus on building fundamentals in this area.",
        "detailed": "As a Emerging Senior designer, your Collaboration & Communication score of 68% indicates areas for growth. Continue practicing and learning.",
        "actionable": [
          "Review core Collaboration & Communication principles and best practices",
          "Complete 2-3 practical exercises in Collaboration & Communication",
          "Seek feedback on your Collaboration & Communication work from peers or mentors"
        ]
      }
    ]
  },
  "continuous_learning": {
    "communities": [
      {
        "name": "UX Design Community",
        "description": "Join online forums and communities to connect with other Emerging Senior designers and share your work.",
        "url": "https://www.designerhangout.co/"
      }
    ],
    "books": [
      {
        "title": "Don't Make Me Think",
        "author": "Steve Krug",
        "description": "Essential reading for Emerging Senior designers on usability principles.",
        "focus_area": "UX Fundamentals"
      }
    ],
    "courses": [],
    "tracking_tips": [
      "Keep a learning journal to track your progress as a Emerging Senior designer",
      "Set monthly goals and review your achievements",
      "Share your work regularly for feedback"
    ]
  },
  "generated_at": "2025-11-27T07:26:40.661411"
}