{
  "score": 11,
  "stage": "Explorer",
  "categories": [
    {
      "name": "UX Fundamentals",
      "score": 10,
      "maxScore": 100
    },
    {
      "name": "UI Craft & Visual Design",
      "score": 13,
      "maxScore": 100
    },
    {
      "name": "User Research & Validation",
      "score": 10,
      "maxScore": 100
    },
    {
      "name": "Product Thinking & Strategy",
      "score": 10,
      "maxScore": 100
    },
    {
      "name": "Collaboration & Communication",
      "score": 12,
      "maxScore": 100
    }
  ],
  "improvement_plan": {
    "weeks": [
      {
        "week": 1,
        "tasks": [
          "Review fundamentals of UX Fundamentals",
          "Complete 2-3 online tutorials or courses",
          "Document your learning in a journal"
        ]
      },
      {
        "week": 2,
        "tasks": [
          "Practice UX Fundamentals through small projects",
          "Get feedback from peers or mentors",
          "Analyze case studies in your focus area"
        ]
      },
      {
        "week": 3,
        "tasks": [
          "Apply new skills to a real project",
          "Create a portfolio piece showcasing your work",
          "Share your progress with the community"
        ]
      },
      {
        "week": 4,
        "tasks": [
          "Review and reflect on your growth",
          "Set goals for continued improvement",
          "Identify next areas to develop"
        ]
      }
    ]
  },
  "resources": {
    "readup": "As Explorer UX designer, with your exceptional UI Craft & Visual Design skills (13/100), you have a unique ability to craft intuitive and visually stunning experiences. However, acknowledging that your UX Fundamentals skills need improvement (10/100) is the first step towards growth. By dedicating time to review the 10 Usability Heuristics for User Interface Design (nngroup.com) and other relevant resources like 'Don't Make Me Think' by Steve Krug (https://www.amazon.com/Dont-Make-Think-Steve-Krug/dp/0465050652), you can build a solid foundation for your design practice.",
    "resources": [
      {
        "title": "Refactoring UI",
        "url": "https://www.refactoringui.com/",
        "description": "Take your UI design skills to the next level with Refactoring UI, where you'll learn specific tactics to create stunning interfaces that delight us...",
        "tags": [
          "Visual Design",
          "Guide"
        ],
        "category": "UX Fundamentals",
        "media_type": "article"
      },
      {
        "title": "Material Design Guidelines",
        "url": "https://m3.material.io/",
        "description": "Unlock Google's Material Design Guidelines to elevate your UI craft with a cohesive visual design language that's both intuitive and visually stunn...",
        "tags": [
          "Design System",
          "Reference"
        ],
        "category": "UX Fundamentals",
        "media_type": "article"
      },
      {
        "title": "Nielsen Norman Group: UX Research Cheat Sheet",
        "url": "https://www.nngroup.com/articles/ux-research-cheat-sheet/",
        "description": "Discover the most effective UX research methods with Nielsen Norman Group's Cheat Sheet, a must-have for Explorer designers looking to validate des...",
        "tags": [
          "Research",
          "Reference"
        ],
        "category": "UX Fundamentals",
        "media_type": "article"
      },
      {
        "title": "Articulating Design Decisions",
        "url": "https://www.oreilly.com/library/view/articulating-design-decisions/9781491921555/",
        "description": "As an Explorer designer, articulate your design decisions to stakeholders without losing your sanity - learn how to effectively communicate with te...",
        "tags": [
          "Communication",
          "Stakeholders"
        ],
        "category": "UX Fundamentals",
        "media_type": "article"
      },
      {
        "title": "Laws of UX",
        "url": "https://lawsofux.com/",
        "description": "Master Laws of UX to strengthen your UX Fundamentals skills as a Explorer designer.",
        "tags": [
          "heuristics",
          "principles",
          "psychology"
        ],
        "category": "UX Fundamentals",
        "media_type": "article"
      },
      {
        "title": "Collaborating with Developers",
        "url": "https://css-tricks.com/designers-guide-to-working-with-developers/",
        "description": "Master the art of collaboration with developers to deliver successful projects. Learn how to facilitate smoother handoffs and improve communication...",
        "tags": [
          "Handoff",
          "Teamwork"
        ],
        "category": "UX Fundamentals",
        "media_type": "article"
      },
      {
        "title": "A Guide to Usability Testing",
        "url": "https://www.interaction-design.org/literature/topics/usability-testing",
        "description": "Learn how to design products users love with effective usability testing, a crucial step in validating your ideas and ensuring user-centered design.",
        "tags": [
          "Testing",
          "Methods"
        ],
        "category": "UX Fundamentals",
        "media_type": "article"
      },
      {
        "title": "10 Usability Heuristics for User Interface Design",
        "url": "https://www.nngroup.com/articles/ten-usability-heuristics/",
        "description": "Unlock intuitive interfaces with Nielsen's 10 Usability Heuristics, a foundational guide for Explorer designers seeking to craft user-centered expe...",
        "tags": [],
        "category": "UX Fundamentals",
        "media_type": "article"
      },
      {
        "title": "Design Reviews: A Guide",
        "url": "https://www.nngroup.com/articles/design-reviews/",
        "description": "Learn how to give and receive constructive feedback in design reviews, essential for Explorer designers to collaborate effectively with teams and d...",
        "tags": [
          "Critique",
          "Feedback"
        ],
        "category": "UX Fundamentals",
        "media_type": "article"
      },
      {
        "title": "Information Architecture Basics",
        "url": "https://www.usability.gov/what-and-why/information-architecture.html",
        "description": "Mastering info architecture is key to creating intuitive user experiences. Learn how to organize information clearly for users in our Information A...",
        "tags": [
          "IA",
          "Structure"
        ],
        "category": "UX Fundamentals",
        "media_type": "article"
      }
    ]
  },
  "deep_dive": null,
  "layout": {
    "section_order": [
      "hero",
      "stage-readup",
      "skill-breakdown",
      "resources",
      "deep-dive",
      "improvement-plan",
      "jobs"
    ],
    "section_visibility": {
      "hero": true,
      "stage-readup": true,
      "skill-breakdown": true,
      "resources": true,
      "deep-dive": true,
      "improvement-plan": true,
      "jobs": true
    },
    "content_depth": {
      "resources": "detailed",
      "deep-dive": "standard",
      "improvement-plan": "standard"
    },
    "priority_message": "Focus message"
  },
  "insights": {
    "insights": [
      {
        "category": "UX Fundamentals",
        "brief": "Your UX Fundamentals score is 10% - focus on building fundamentals in this area.",
        "detailed": "As a Explorer designer, your UX Fundamentals score of 10% indicates areas for growth. Continue practicing and learning.",
        "actionable": [
          "Review core UX Fundamentals principles and best practices",
          "Complete 2-3 practical exercises in UX Fundamentals",
          "Seek feedback on your UX Fundamentals work from peers or mentors"
        ]
      },
      {
        "category": "UI Craft & Visual Design",
        "brief": "Your UI Craft & Visual Design score is 13% - focus on building fundamentals in this area.",
        "detailed": "As a Explorer designer, your UI Craft & Visual Design score of 13% indicates areas for growth. Continue practicing and learning.",
        "actionable": [
          "Review core UI Craft & Visual Design principles and best practices",
          "Complete 2-3 practical exercises in UI Craft & Visual Design",
          "Seek feedback on your UI Craft & Visual Design work from peers or mentors"
        ]
      },
      {
        "category": "User Research & Validation",
        "brief": "Your User Research & Validation score is 10% - focus on building fundamentals in this area.",
        "detailed": "As a Explorer designer, your User Research & Validation score of 10% indicates areas for growth. Continue practicing and learning.",
        "actionable": [
          "Review core User Research & Validation principles and best practices",
          "Complete 2-3 practical exercises in User Research & Validation",
          "Seek feedback on your User Research & Validation work from peers or mentors"
        ]
      },
      {
        "category": "Product Thinking & Strategy",
        "brief": "Your Product Thinking & Strategy score is 10% - focus on building fundamentals in this area.",
        "detailed": "As a Explorer designer, your Product Thinking & Strategy score of 10% indicates areas for growth. Continue practicing and learning.",
        "actionable": [
          "Review core Product Thinking & Strategy principles and best practices",
          "Complete 2-3 practical exercises in Product Thinking & Strategy",
          "Seek feedback on your Product Thinking & Strategy work from peers or mentors"
        ]
      },
      {
        "category": "Collaboration & Communication",
        "brief": "Your Collaboration & Communication score is 12% - focus on building fundamentals in this area.",
        "detailed": "As a Explorer designer, your Collaboration & Communication score of 12% indicates areas for growth. Continue practicing and learning.",
        "actionable": [
          "Review core Collaboration & Communication principles and best practices",
          "Complete 2-3 practical exercises in Collaboration & Communication",
          "Seek feedback on your Collaboration & Communication work from peers or mentors"
        ]
      }
    ]
  },
  "continuous_learning": {
    "communities": [
      {
        "name": "UX Design Community",
        "description": "Join online forums and communities to connect with other Explorer designers and share your work.",
        "url": "https://www.designerhangout.co/"
      }
    ],
    "books": [
      {
        "title": "Don't Make Me Think",
        "author": "Steve Krug",
        "description": "Essential reading for Explorer designers on usability principles.",
        "focus_area": "UX Fundamentals"
      }
    ],
    "courses": [],
    "tracking_tips": [
      "Keep a learning journal to track your progress as a Explorer designer",
      "Set monthly goals and review your achievements",
      "Share your work regularly for feedback"
    ]
  },
  "generated_at": "2025-11-26T22:56:43.059334"
}