{
  "score": 63,
  "stage": "Practitioner",
  "categories": [
    {
      "name": "UX Fundamentals",
      "score": 65,
      "maxScore": 100
    },
    {
      "name": "UI Craft & Visual Design",
      "score": 65,
      "maxScore": 100
    },
    {
      "name": "User Research & Validation",
      "score": 60,
      "maxScore": 100
    },
    {
      "name": "Product Thinking & Strategy",
      "score": 59,
      "maxScore": 100
    },
    {
      "name": "Collaboration & Communication",
      "score": 66,
      "maxScore": 100
    }
  ],
  "improvement_plan": {
    "{{ ": "weeks"
  },
  "resources": {
    "readup": "As a Practitioner UX designer, you have demonstrated exceptional Collaboration & Communication skills, which is your strongest area. However, to take your practice to the next level, focus on bridging the gap in Product Thinking & Strategy, where you currently score 59%. By investing time in resources like Coursera's 'Designing and Prototyping Digital Products' course (https://www.coursera.org/specializations/designing-and-prototyping-digital-products) and reading books like 'Playful: How to Incorporate Design Thinking into Everyday Life' by Scott Berkun, you can enhance your skills and stay competitive in the field.",
    "resources": [
      {
        "title": "Refactoring UI",
        "url": "https://www.refactoringui.com/",
        "description": "Elevate your UI design skills with Refactoring UI, where you'll master tactics for creating stunning interfaces that enhance user experience.",
        "tags": [
          "Visual Design",
          "Guide"
        ],
        "category": "Product Thinking & Strategy",
        "media_type": "article"
      },
      {
        "title": "Material Design Guidelines",
        "url": "https://m3.material.io/",
        "description": "Google's open-source design system that provides comprehensive UI guidelines. Essential for Practitioner designers working on UI Craft & Visual Design.",
        "tags": [
          "Design System",
          "Reference"
        ],
        "category": "Product Thinking & Strategy",
        "media_type": "article"
      },
      {
        "title": "Nielsen Norman Group: UX Research Cheat Sheet",
        "url": "https://www.nngroup.com/articles/ux-research-cheat-sheet/",
        "description": "Master essential UX research methods with Nielsen Norman Group's Cheat Sheet, ensuring data-driven design decisions that delight users.",
        "tags": [
          "Research",
          "Reference"
        ],
        "category": "Product Thinking & Strategy",
        "media_type": "article"
      },
      {
        "title": "Articulating Design Decisions",
        "url": "https://www.oreilly.com/library/view/articulating-design-decisions/9781491921555/",
        "description": "Learn how to effectively communicate design decisions to stakeholders, preserve your sanity, and deliver exceptional user experiences in Articulati...",
        "tags": [
          "Communication",
          "Stakeholders"
        ],
        "category": "Product Thinking & Strategy",
        "media_type": "article"
      },
      {
        "title": "Collaborating with Developers",
        "url": "https://css-tricks.com/designers-guide-to-working-with-developers/",
        "description": "Master effective collaboration with developers to deliver seamless user experiences, reducing misunderstandings and misaligned expectations.",
        "tags": [
          "Handoff",
          "Teamwork"
        ],
        "category": "Product Thinking & Strategy",
        "media_type": "article"
      },
      {
        "title": "Design Reviews: A Guide",
        "url": "https://www.nngroup.com/articles/design-reviews/",
        "description": "Mastering design reviews is key to delivering high-quality designs on time and meeting client expectations.",
        "tags": [
          "Critique",
          "Feedback"
        ],
        "category": "Product Thinking & Strategy",
        "media_type": "article"
      },
      {
        "title": "Laws of UX",
        "url": "https://lawsofux.com/",
        "description": "Master Laws of UX to strengthen your UX Fundamentals skills as a Practitioner designer.",
        "tags": [
          "heuristics",
          "principles",
          "psychology"
        ],
        "category": "Product Thinking & Strategy",
        "media_type": "article"
      },
      {
        "title": "A Guide to Usability Testing",
        "url": "https://www.interaction-design.org/literature/topics/usability-testing",
        "description": "Mastering usability testing is crucial for delivering user-centered designs. This guide helps practitioners like you conduct effective tests that v...",
        "tags": [
          "Testing",
          "Methods"
        ],
        "category": "Product Thinking & Strategy",
        "media_type": "article"
      },
      {
        "title": "10 Usability Heuristics for User Interface Design",
        "url": "https://www.nngroup.com/articles/ten-usability-heuristics/",
        "description": "Master the fundamentals of user experience design with Nielsen's 10 Usability Heuristics, a timeless guide for creating intuitive interfaces that p...",
        "tags": [],
        "category": "Product Thinking & Strategy",
        "media_type": "article"
      },
      {
        "title": "Measuring the User Experience",
        "url": "https://measuringu.com/",
        "description": "As a product thinking strategist, measuring user experience is crucial to inform design decisions and drive business success; this resource provide...",
        "tags": [
          "Metrics",
          "Data"
        ],
        "category": "Product Thinking & Strategy",
        "media_type": "article"
      }
    ]
  },
  "deep_dive": null,
  "layout": {
    "section_order": [
      "hero",
      "stage-readup",
      "skill-breakdown",
      "resources",
      "deep-dive",
      "improvement-plan",
      "jobs"
    ],
    "section_visibility": {
      "hero": true,
      "stage-readup": true,
      "skill-breakdown": true,
      "resources": true,
      "deep-dive": true,
      "improvement-plan": true,
      "jobs": true
    },
    "content_depth": {
      "resources": "detailed",
      "deep-dive": "standard",
      "improvement-plan": "standard"
    },
    "priority_message": "Focus message"
  },
  "insights": {
    "insights": [
      {
        "category": "UX Fundamentals",
        "brief": "Your UX Fundamentals score is 65% - focus on building fundamentals in this area.",
        "detailed": "As a Practitioner designer, your UX Fundamentals score of 65% indicates areas for growth. Continue practicing and learning.",
        "actionable": [
          "Review core UX Fundamentals principles and best practices",
          "Complete 2-3 practical exercises in UX Fundamentals",
          "Seek feedback on your UX Fundamentals work from peers or mentors"
        ]
      },
      {
        "category": "UI Craft & Visual Design",
        "brief": "Your UI Craft & Visual Design score is 65% - focus on building fundamentals in this area.",
        "detailed": "As a Practitioner designer, your UI Craft & Visual Design score of 65% indicates areas for growth. Continue practicing and learning.",
        "actionable": [
          "Review core UI Craft & Visual Design principles and best practices",
          "Complete 2-3 practical exercises in UI Craft & Visual Design",
          "Seek feedback on your UI Craft & Visual Design work from peers or mentors"
        ]
      },
      {
        "category": "User Research & Validation",
        "brief": "Your User Research & Validation score is 60% - focus on building fundamentals in this area.",
        "detailed": "As a Practitioner designer, your User Research & Validation score of 60% indicates areas for growth. Continue practicing and learning.",
        "actionable": [
          "Review core User Research & Validation principles and best practices",
          "Complete 2-3 practical exercises in User Research & Validation",
          "Seek feedback on your User Research & Validation work from peers or mentors"
        ]
      },
      {
        "category": "Product Thinking & Strategy",
        "brief": "Your Product Thinking & Strategy score is 59% - focus on building fundamentals in this area.",
        "detailed": "As a Practitioner designer, your Product Thinking & Strategy score of 59% indicates areas for growth. Continue practicing and learning.",
        "actionable": [
          "Review core Product Thinking & Strategy principles and best practices",
          "Complete 2-3 practical exercises in Product Thinking & Strategy",
          "Seek feedback on your Product Thinking & Strategy work from peers or mentors"
        ]
      },
      {
        "category": "Collaboration & Communication",
        "brief": "Your Collaboration & Communication score is 66% - focus on building fundamentals in this area.",
        "detailed": "As a Practitioner designer, your Collaboration & Communication score of 66% indicates areas for growth. Continue practicing and learning.",
        "actionable": [
          "Review core Collaboration & Communication principles and best practices",
          "Complete 2-3 practical exercises in Collaboration & Communication",
          "Seek feedback on your Collaboration & Communication work from peers or mentors"
        ]
      }
    ]
  },
  "continuous_learning": {
    "communities": [
      {
        "name": "UX Design Community",
        "description": "Join online forums and communities to connect with other Practitioner designers and share your work.",
        "url": "https://www.designerhangout.co/"
      }
    ],
    "books": [
      {
        "title": "Don't Make Me Think",
        "author": "Steve Krug",
        "description": "Essential reading for Practitioner designers on usability principles.",
        "focus_area": "UX Fundamentals"
      }
    ],
    "courses": [],
    "tracking_tips": [
      "Keep a learning journal to track your progress as a Practitioner designer",
      "Set monthly goals and review your achievements",
      "Share your work regularly for feedback"
    ]
  },
  "generated_at": "2025-11-27T04:17:34.123923"
}