{
  "score": 24,
  "stage": "Explorer",
  "categories": [
    {
      "name": "UX Fundamentals",
      "score": 27,
      "maxScore": 100
    },
    {
      "name": "UI Craft & Visual Design",
      "score": 33,
      "maxScore": 100
    },
    {
      "name": "User Research & Validation",
      "score": 20,
      "maxScore": 100
    },
    {
      "name": "Product Thinking & Strategy",
      "score": 21,
      "maxScore": 100
    },
    {
      "name": "Collaboration & Communication",
      "score": 20,
      "maxScore": 100
    }
  ],
  "improvement_plan": {
    "weeks": [
      {
        "week": 1,
        "tasks": [
          "Review fundamentals of User Research & Validation",
          "Complete 2-3 online tutorials or courses",
          "Document your learning in a journal"
        ]
      },
      {
        "week": 2,
        "tasks": [
          "Practice User Research & Validation through small projects",
          "Get feedback from peers or mentors",
          "Analyze case studies in your focus area"
        ]
      },
      {
        "week": 3,
        "tasks": [
          "Apply new skills to a real project",
          "Create a portfolio piece showcasing your work",
          "Share your progress with the community"
        ]
      },
      {
        "week": 4,
        "tasks": [
          "Review and reflect on your growth",
          "Set goals for continued improvement",
          "Identify next areas to develop"
        ]
      }
    ]
  },
  "resources": {
    "readup": "As a Explorer UX designer, with your exceptional UI Craft & Visual Design skills (33%) shining through, you have the unique opportunity to shape the user experience of innovative products and services. However, to take your design expertise to the next level, focus on bridging the gap in User Research & Validation (20%), an area where you can improve your skills to create more empathetic and effective designs. By dedicating time to learning from resources like Nielsen Norman Group (nngroup.com) and UX Collective (uxcollective.com), you can enhance your user-centered approach and drive business success.",
    "resources": [
      {
        "title": "Refactoring UI",
        "url": "https://www.refactoringui.com/",
        "description": "Take your UI design skills to the next level with Refactoring UI, where you'll master tactics to create stunning interfaces that drive user engagem...",
        "tags": [
          "Visual Design",
          "Guide"
        ],
        "category": "User Research & Validation",
        "media_type": "article"
      },
      {
        "title": "Nielsen Norman Group: UX Research Cheat Sheet",
        "url": "https://www.nngroup.com/articles/ux-research-cheat-sheet/",
        "description": "A comprehensive guide to different UX research methods and when to use them. Essential for Explorer designers working on UX Fundamentals.",
        "tags": [
          "Research",
          "Reference"
        ],
        "category": "User Research & Validation",
        "media_type": "article"
      },
      {
        "title": "Material Design Guidelines",
        "url": "https://m3.material.io/",
        "description": "Unlock Google's Material Design Guidelines to master modern UI craft and elevate your visual design skills with a comprehensive, open-source system...",
        "tags": [
          "Design System",
          "Reference"
        ],
        "category": "User Research & Validation",
        "media_type": "article"
      },
      {
        "title": "Laws of UX",
        "url": "https://lawsofux.com/",
        "description": "Master Laws of UX to strengthen your UX Fundamentals skills as a Explorer designer.",
        "tags": [
          "heuristics",
          "principles",
          "psychology"
        ],
        "category": "User Research & Validation",
        "media_type": "article"
      },
      {
        "title": "A Guide to Usability Testing",
        "url": "https://www.interaction-design.org/literature/topics/usability-testing",
        "description": "Learn how to conduct effective usability tests to validate your design decisions and ensure user-centered products that meet real needs.",
        "tags": [
          "Testing",
          "Methods"
        ],
        "category": "User Research & Validation",
        "media_type": "article"
      },
      {
        "title": "Design Reviews: A Guide",
        "url": "https://www.nngroup.com/articles/design-reviews/",
        "description": "Learn how to give and receive constructive feedback that sparks growth in your design team with our comprehensive guide to effective design reviews.",
        "tags": [
          "Critique",
          "Feedback"
        ],
        "category": "User Research & Validation",
        "media_type": "article"
      },
      {
        "title": "10 Usability Heuristics for User Interface Design",
        "url": "https://www.nngroup.com/articles/ten-usability-heuristics/",
        "description": "Unlock intuitive interfaces with Jakob Nielsen's 10 Usability Heuristics, a foundational guide for Explorer designers to craft user-centered experi...",
        "tags": [],
        "category": "User Research & Validation",
        "media_type": "article"
      },
      {
        "title": "Information Architecture Basics",
        "url": "https://www.usability.gov/what-and-why/information-architecture.html",
        "description": "Mastering info architecture is key to creating intuitive user experiences. Learn how to organize information clearly for users in our Information A...",
        "tags": [
          "IA",
          "Structure"
        ],
        "category": "User Research & Validation",
        "media_type": "article"
      },
      {
        "title": "Articulating Design Decisions",
        "url": "https://www.oreilly.com/library/view/articulating-design-decisions/9781491921555/",
        "description": "As an Explorer designer, articulate your design decisions to stakeholders without sacrificing user experience, and keep your sanity in the process ...",
        "tags": [
          "Communication",
          "Stakeholders"
        ],
        "category": "User Research & Validation",
        "media_type": "article"
      },
      {
        "title": "Measuring the User Experience",
        "url": "https://measuringu.com/",
        "description": "As an Explorer designer, measuring user experience is crucial to inform product decisions, ensuring your designs meet users' needs and drive busine...",
        "tags": [
          "Metrics",
          "Data"
        ],
        "category": "User Research & Validation",
        "media_type": "article"
      }
    ]
  },
  "deep_dive": null,
  "layout": {
    "section_order": [
      "hero",
      "stage-readup",
      "skill-breakdown",
      "resources",
      "deep-dive",
      "improvement-plan",
      "jobs"
    ],
    "section_visibility": {
      "hero": true,
      "stage-readup": true,
      "skill-breakdown": true,
      "resources": true,
      "deep-dive": true,
      "improvement-plan": true,
      "jobs": true
    },
    "content_depth": {
      "resources": "detailed",
      "deep-dive": "standard",
      "improvement-plan": "standard"
    },
    "priority_message": "Focus message"
  },
  "insights": {
    "insights": [
      {
        "category": "UX Fundamentals",
        "brief": "Your UX Fundamentals score is 27% - focus on building fundamentals in this area.",
        "detailed": "As a Explorer designer, your UX Fundamentals score of 27% indicates areas for growth. Continue practicing and learning.",
        "actionable": [
          "Review core UX Fundamentals principles and best practices",
          "Complete 2-3 practical exercises in UX Fundamentals",
          "Seek feedback on your UX Fundamentals work from peers or mentors"
        ]
      },
      {
        "category": "UI Craft & Visual Design",
        "brief": "Your UI Craft & Visual Design score is 33% - focus on building fundamentals in this area.",
        "detailed": "As a Explorer designer, your UI Craft & Visual Design score of 33% indicates areas for growth. Continue practicing and learning.",
        "actionable": [
          "Review core UI Craft & Visual Design principles and best practices",
          "Complete 2-3 practical exercises in UI Craft & Visual Design",
          "Seek feedback on your UI Craft & Visual Design work from peers or mentors"
        ]
      },
      {
        "category": "User Research & Validation",
        "brief": "Your User Research & Validation score is 20% - focus on building fundamentals in this area.",
        "detailed": "As a Explorer designer, your User Research & Validation score of 20% indicates areas for growth. Continue practicing and learning.",
        "actionable": [
          "Review core User Research & Validation principles and best practices",
          "Complete 2-3 practical exercises in User Research & Validation",
          "Seek feedback on your User Research & Validation work from peers or mentors"
        ]
      },
      {
        "category": "Product Thinking & Strategy",
        "brief": "Your Product Thinking & Strategy score is 21% - focus on building fundamentals in this area.",
        "detailed": "As a Explorer designer, your Product Thinking & Strategy score of 21% indicates areas for growth. Continue practicing and learning.",
        "actionable": [
          "Review core Product Thinking & Strategy principles and best practices",
          "Complete 2-3 practical exercises in Product Thinking & Strategy",
          "Seek feedback on your Product Thinking & Strategy work from peers or mentors"
        ]
      },
      {
        "category": "Collaboration & Communication",
        "brief": "Your Collaboration & Communication score is 20% - focus on building fundamentals in this area.",
        "detailed": "As a Explorer designer, your Collaboration & Communication score of 20% indicates areas for growth. Continue practicing and learning.",
        "actionable": [
          "Review core Collaboration & Communication principles and best practices",
          "Complete 2-3 practical exercises in Collaboration & Communication",
          "Seek feedback on your Collaboration & Communication work from peers or mentors"
        ]
      }
    ]
  },
  "continuous_learning": {
    "communities": [
      {
        "name": "UX Design Community",
        "description": "Join online forums and communities to connect with other Explorer designers and share your work.",
        "url": "https://www.designerhangout.co/"
      }
    ],
    "books": [
      {
        "title": "Don't Make Me Think",
        "author": "Steve Krug",
        "description": "Essential reading for Explorer designers on usability principles.",
        "focus_area": "UX Fundamentals"
      }
    ],
    "courses": [],
    "tracking_tips": [
      "Keep a learning journal to track your progress as a Explorer designer",
      "Set monthly goals and review your achievements",
      "Share your work regularly for feedback"
    ]
  },
  "generated_at": "2025-11-26T23:19:40.986195"
}