{
  "score": 72,
  "stage": "Emerging Senior",
  "categories": [
    {
      "name": "UX Fundamentals",
      "score": 63,
      "maxScore": 100
    },
    {
      "name": "UI Craft & Visual Design",
      "score": 80,
      "maxScore": 100
    },
    {
      "name": "User Research & Validation",
      "score": 66,
      "maxScore": 100
    },
    {
      "name": "Product Thinking & Strategy",
      "score": 72,
      "maxScore": 100
    },
    {
      "name": "Collaboration & Communication",
      "score": 78,
      "maxScore": 100
    }
  ],
  "improvement_plan": {
    "weeks": [
      {
        "week": 1,
        "tasks": [
          "Review fundamentals of UX Fundamentals",
          "Complete 2-3 online tutorials or courses",
          "Document your learning in a journal"
        ]
      },
      {
        "week": 2,
        "tasks": [
          "Practice UX Fundamentals through small projects",
          "Get feedback from peers or mentors",
          "Analyze case studies in your focus area"
        ]
      },
      {
        "week": 3,
        "tasks": [
          "Apply new skills to a real project",
          "Create a portfolio piece showcasing your work",
          "Share your progress with the community"
        ]
      },
      {
        "week": 4,
        "tasks": [
          "Review and reflect on your growth",
          "Set goals for continued improvement",
          "Identify next areas to develop"
        ]
      }
    ]
  },
  "resources": {
    "readup": "As an Emerging Senior UX designer, you possess a strong foundation in UI Craft & Visual Design, with a score of 80/100. However, to take your career to the next level, it's essential to focus on building a solid understanding of UX Fundamentals, which currently scores 63/100. By investing time in resources like Coursera's 'User Experience (UX) Design' course and Nielsen Norman Group's 'Designing for Emotion' guide, you can bridge this gap and deliver high-quality designs that meet user needs.",
    "resources": [
      {
        "title": "Refactoring UI",
        "url": "https://www.refactoringui.com/",
        "description": "Elevate your UI design skills with Refactoring UI, a practical guide for Emerging Seniors looking to refine their visual design craft through actio...",
        "tags": [
          "Visual Design",
          "Guide"
        ],
        "category": "UX Fundamentals",
        "media_type": "article"
      },
      {
        "title": "Material Design Guidelines",
        "url": "https://m3.material.io/",
        "description": "Elevate your UI craft with Google's Material Design Guidelines, a comprehensive design system that ensures consistency and visual appeal in your de...",
        "tags": [
          "Design System",
          "Reference"
        ],
        "category": "UX Fundamentals",
        "media_type": "article"
      },
      {
        "title": "Articulating Design Decisions",
        "url": "https://www.oreilly.com/library/view/articulating-design-decisions/9781491921555/",
        "description": "Learn how to effectively communicate design decisions to stakeholders while maintaining your sanity and delivering exceptional user experiences.",
        "tags": [
          "Communication",
          "Stakeholders"
        ],
        "category": "UX Fundamentals",
        "media_type": "article"
      },
      {
        "title": "Nielsen Norman Group: UX Research Cheat Sheet",
        "url": "https://www.nngroup.com/articles/ux-research-cheat-sheet/",
        "description": "Mastering UX research is key to delivering successful designs. The Nielsen Norman Group's UX Research Cheat Sheet provides a concise guide to essen...",
        "tags": [
          "Research",
          "Reference"
        ],
        "category": "UX Fundamentals",
        "media_type": "article"
      },
      {
        "title": "Collaborating with Developers",
        "url": "https://css-tricks.com/designers-guide-to-working-with-developers/",
        "description": "Mastering developer collaboration is key to delivering successful projects as an emerging senior designer.",
        "tags": [
          "Handoff",
          "Teamwork"
        ],
        "category": "UX Fundamentals",
        "media_type": "article"
      },
      {
        "title": "Design Reviews: A Guide",
        "url": "https://www.nngroup.com/articles/design-reviews/",
        "description": "Master effective design reviews with Design Reviews: A Guide, essential for emerging senior designers to improve collaboration, communication, and ...",
        "tags": [
          "Critique",
          "Feedback"
        ],
        "category": "UX Fundamentals",
        "media_type": "article"
      },
      {
        "title": "Laws of UX",
        "url": "https://lawsofux.com/",
        "description": "Master Laws of UX to strengthen your UX Fundamentals skills as a Emerging Senior designer.",
        "tags": [
          "heuristics",
          "principles",
          "psychology"
        ],
        "category": "UX Fundamentals",
        "media_type": "article"
      },
      {
        "title": "A Guide to Usability Testing",
        "url": "https://www.interaction-design.org/literature/topics/usability-testing",
        "description": "Mastering usability testing is crucial as an emerging senior UX designer to validate design decisions and deliver user-centered products, learn how...",
        "tags": [
          "Testing",
          "Methods"
        ],
        "category": "UX Fundamentals",
        "media_type": "article"
      },
      {
        "title": "10 Usability Heuristics for User Interface Design",
        "url": "https://www.nngroup.com/articles/ten-usability-heuristics/",
        "description": "Mastering Nielsen's 10 Usability Heuristics is crucial for emerging senior designers, as it equips them with a solid foundation in user-centered de...",
        "tags": [],
        "category": "UX Fundamentals",
        "media_type": "article"
      },
      {
        "title": "Measuring the User Experience",
        "url": "https://measuringu.com/",
        "description": "As an emerging senior designer, mastering UX metrics helps you make data-driven decisions that drive product success, aligning your design with bus...",
        "tags": [
          "Metrics",
          "Data"
        ],
        "category": "UX Fundamentals",
        "media_type": "article"
      }
    ]
  },
  "deep_dive": null,
  "layout": {
    "section_order": [
      "hero",
      "stage-readup",
      "skill-breakdown",
      "resources",
      "deep-dive",
      "improvement-plan",
      "jobs"
    ],
    "section_visibility": {
      "hero": true,
      "stage-readup": true,
      "skill-breakdown": true,
      "resources": true,
      "deep-dive": true,
      "improvement-plan": true,
      "jobs": true
    },
    "content_depth": {
      "resources": "detailed",
      "deep-dive": "standard",
      "improvement-plan": "standard"
    },
    "priority_message": "Focus message"
  },
  "insights": {
    "insights": [
      {
        "category": "UX Fundamentals",
        "brief": "Your UX Fundamentals score is 63% - focus on building fundamentals in this area.",
        "detailed": "As a Emerging Senior designer, your UX Fundamentals score of 63% indicates areas for growth. Continue practicing and learning.",
        "actionable": [
          "Review core UX Fundamentals principles and best practices",
          "Complete 2-3 practical exercises in UX Fundamentals",
          "Seek feedback on your UX Fundamentals work from peers or mentors"
        ]
      },
      {
        "category": "UI Craft & Visual Design",
        "brief": "Your UI Craft & Visual Design score is 80% - focus on building fundamentals in this area.",
        "detailed": "As a Emerging Senior designer, your UI Craft & Visual Design score of 80% indicates areas for growth. Continue practicing and learning.",
        "actionable": [
          "Review core UI Craft & Visual Design principles and best practices",
          "Complete 2-3 practical exercises in UI Craft & Visual Design",
          "Seek feedback on your UI Craft & Visual Design work from peers or mentors"
        ]
      },
      {
        "category": "User Research & Validation",
        "brief": "Your User Research & Validation score is 66% - focus on building fundamentals in this area.",
        "detailed": "As a Emerging Senior designer, your User Research & Validation score of 66% indicates areas for growth. Continue practicing and learning.",
        "actionable": [
          "Review core User Research & Validation principles and best practices",
          "Complete 2-3 practical exercises in User Research & Validation",
          "Seek feedback on your User Research & Validation work from peers or mentors"
        ]
      },
      {
        "category": "Product Thinking & Strategy",
        "brief": "Your Product Thinking & Strategy score is 72% - focus on building fundamentals in this area.",
        "detailed": "As a Emerging Senior designer, your Product Thinking & Strategy score of 72% indicates areas for growth. Continue practicing and learning.",
        "actionable": [
          "Review core Product Thinking & Strategy principles and best practices",
          "Complete 2-3 practical exercises in Product Thinking & Strategy",
          "Seek feedback on your Product Thinking & Strategy work from peers or mentors"
        ]
      },
      {
        "category": "Collaboration & Communication",
        "brief": "Your Collaboration & Communication score is 78% - focus on building fundamentals in this area.",
        "detailed": "As a Emerging Senior designer, your Collaboration & Communication score of 78% indicates areas for growth. Continue practicing and learning.",
        "actionable": [
          "Review core Collaboration & Communication principles and best practices",
          "Complete 2-3 practical exercises in Collaboration & Communication",
          "Seek feedback on your Collaboration & Communication work from peers or mentors"
        ]
      }
    ]
  },
  "continuous_learning": {
    "communities": [
      {
        "name": "UX Design Community",
        "description": "Join online forums and communities to connect with other Emerging Senior designers and share your work.",
        "url": "https://www.designerhangout.co/"
      }
    ],
    "books": [
      {
        "title": "Don't Make Me Think",
        "author": "Steve Krug",
        "description": "Essential reading for Emerging Senior designers on usability principles.",
        "focus_area": "UX Fundamentals"
      }
    ],
    "courses": [],
    "tracking_tips": [
      "Keep a learning journal to track your progress as a Emerging Senior designer",
      "Set monthly goals and review your achievements",
      "Share your work regularly for feedback"
    ]
  },
  "generated_at": "2025-11-27T07:45:00.055014"
}