{
  "score": 4,
  "stage": "Explorer",
  "categories": [
    {
      "name": "UX Fundamentals",
      "score": 1,
      "maxScore": 100
    },
    {
      "name": "UI Craft & Visual Design",
      "score": 3,
      "maxScore": 100
    },
    {
      "name": "User Research & Validation",
      "score": 0,
      "maxScore": 100
    },
    {
      "name": "Product Thinking & Strategy",
      "score": 6,
      "maxScore": 100
    },
    {
      "name": "Collaboration & Communication",
      "score": 9,
      "maxScore": 100
    }
  ],
  "improvement_plan": {
    "weeks": [
      {
        "week": 1,
        "tasks": [
          {
            "task": "Review fundamentals of User Research & Validation (UX Collective)",
            "learning resource": "https://uxcollective.com/series/user-research",
            "done criteria": "Complete the first 2 tutorials and document learning in a journal"
          },
          {
            "task": "Practice User Research & Validation through small projects (UserTesting)",
            "learning resource": "https://www.usertesting.com/",
            "done criteria": "Conduct 1 user interview and document 3 pain points using the Jobs-to-be-Done framework"
          },
          {
            "task": "Familiarize yourself with UX research tools (Mural)",
            "learning resource": "https://mural.co/",
            "done criteria": "Create a simple user journey map using Mural"
          }
        ]
      }
    ],
    "{{": "week"
  },
  "resources": {
    "readup": "As a Explorer UX designer, you have the unique opportunity to shape the user experience of innovative products and services. Leveraging your strengths in Collaboration & Communication (9/100), you can effectively collaborate with cross-functional teams to drive design decisions forward. However, recognizing that User Research & Validation is an area for growth (0/100), take this 4-Week Improvement Plan as a chance to develop your research skills and uncover new insights - start by reviewing the 10 Usability Heuristics for User Interface Design on nngroup.com and identifying areas for improvement. With dedication and practice, you can elevate your UX Fundamentals and become a leading Explorer.",
    "resources": [
      {
        "title": "Refactoring UI",
        "url": "https://www.refactoringui.com/",
        "description": "Transform your UI designs into stunning experiences with Refactoring UI's expert tactics, empowering Explorer designers to craft beautiful interfac...",
        "tags": [
          "Visual Design",
          "Guide"
        ],
        "category": "User Research & Validation",
        "media_type": "article"
      },
      {
        "title": "Material Design Guidelines",
        "url": "https://m3.material.io/",
        "description": "Google's open-source design system that provides comprehensive UI guidelines. Essential for Explorer designers working on UI Craft & Visual Design.",
        "tags": [
          "Design System",
          "Reference"
        ],
        "category": "User Research & Validation",
        "media_type": "article"
      },
      {
        "title": "Nielsen Norman Group: UX Research Cheat Sheet",
        "url": "https://www.nngroup.com/articles/ux-research-cheat-sheet/",
        "description": "Learn essential UX research methods to inform design decisions with Nielsen Norman Group's comprehensive guide, covering everything from user inter...",
        "tags": [
          "Research",
          "Reference"
        ],
        "category": "User Research & Validation",
        "media_type": "article"
      },
      {
        "title": "Articulating Design Decisions",
        "url": "https://www.oreilly.com/library/view/articulating-design-decisions/9781491921555/",
        "description": "Learn how to articulate design decisions that drive user experience without losing your mind, a must-have skill for Explorer designers navigating s...",
        "tags": [
          "Communication",
          "Stakeholders"
        ],
        "category": "User Research & Validation",
        "media_type": "article"
      },
      {
        "title": "Laws of UX",
        "url": "https://lawsofux.com/",
        "description": "Master Laws of UX to strengthen your UX Fundamentals skills as a Explorer designer.",
        "tags": [
          "heuristics",
          "principles",
          "psychology"
        ],
        "category": "User Research & Validation",
        "media_type": "article"
      },
      {
        "title": "Collaborating with Developers",
        "url": "https://css-tricks.com/designers-guide-to-working-with-developers/",
        "description": "As an Explorer designer, master handoffs with developers to ensure seamless projects, learn how to communicate effectively and avoid costly rework ...",
        "tags": [
          "Handoff",
          "Teamwork"
        ],
        "category": "User Research & Validation",
        "media_type": "article"
      },
      {
        "title": "Product Thinking 101",
        "url": "https://uxdesign.cc/product-thinking-101-1d71a0784f60",
        "description": "Unlock your product design potential with Product Thinking 101, where understanding users' needs and goals drives innovative solutions that meet th...",
        "tags": [
          "Strategy",
          "Basics"
        ],
        "category": "User Research & Validation",
        "media_type": "article"
      },
      {
        "title": "A Guide to Usability Testing",
        "url": "https://www.interaction-design.org/literature/topics/usability-testing",
        "description": "Unlock effective user research with usability testing - learn how to validate your designs and create products users love.",
        "tags": [
          "Testing",
          "Methods"
        ],
        "category": "User Research & Validation",
        "media_type": "article"
      },
      {
        "title": "10 Usability Heuristics for User Interface Design",
        "url": "https://www.nngroup.com/articles/ten-usability-heuristics/",
        "description": "Mastering Jakob Nielsen's 10 Usability Heuristics is crucial for Explorer designers seeking to create intuitive interfaces that delight users, ensu...",
        "tags": [],
        "category": "User Research & Validation",
        "media_type": "article"
      },
      {
        "title": "Design Reviews: A Guide",
        "url": "https://www.nngroup.com/articles/design-reviews/",
        "description": "Learn how to give and receive constructive feedback that sparks growth in your design team with our Design Reviews guide.",
        "tags": [
          "Critique",
          "Feedback"
        ],
        "category": "User Research & Validation",
        "media_type": "article"
      }
    ]
  },
  "deep_dive": null,
  "layout": {
    "section_order": [
      "hero",
      "stage-readup",
      "skill-breakdown",
      "resources",
      "deep-dive",
      "improvement-plan",
      "jobs"
    ],
    "section_visibility": {
      "hero": true,
      "stage-readup": true,
      "skill-breakdown": true,
      "resources": true,
      "deep-dive": true,
      "improvement-plan": true,
      "jobs": true
    },
    "content_depth": {
      "resources": "detailed",
      "deep-dive": "standard",
      "improvement-plan": "standard"
    },
    "priority_message": "Focus message"
  },
  "insights": {
    "insights": [
      {
        "category": "UX Fundamentals",
        "brief": "Your UX Fundamentals score is 1% - focus on building fundamentals in this area.",
        "detailed": "As a Explorer designer, your UX Fundamentals score of 1% indicates areas for growth. Continue practicing and learning.",
        "actionable": [
          "Review core UX Fundamentals principles and best practices",
          "Complete 2-3 practical exercises in UX Fundamentals",
          "Seek feedback on your UX Fundamentals work from peers or mentors"
        ]
      },
      {
        "category": "UI Craft & Visual Design",
        "brief": "Your UI Craft & Visual Design score is 3% - focus on building fundamentals in this area.",
        "detailed": "As a Explorer designer, your UI Craft & Visual Design score of 3% indicates areas for growth. Continue practicing and learning.",
        "actionable": [
          "Review core UI Craft & Visual Design principles and best practices",
          "Complete 2-3 practical exercises in UI Craft & Visual Design",
          "Seek feedback on your UI Craft & Visual Design work from peers or mentors"
        ]
      },
      {
        "category": "User Research & Validation",
        "brief": "Your User Research & Validation score is 0% - focus on building fundamentals in this area.",
        "detailed": "As a Explorer designer, your User Research & Validation score of 0% indicates areas for growth. Continue practicing and learning.",
        "actionable": [
          "Review core User Research & Validation principles and best practices",
          "Complete 2-3 practical exercises in User Research & Validation",
          "Seek feedback on your User Research & Validation work from peers or mentors"
        ]
      },
      {
        "category": "Product Thinking & Strategy",
        "brief": "Your Product Thinking & Strategy score is 6% - focus on building fundamentals in this area.",
        "detailed": "As a Explorer designer, your Product Thinking & Strategy score of 6% indicates areas for growth. Continue practicing and learning.",
        "actionable": [
          "Review core Product Thinking & Strategy principles and best practices",
          "Complete 2-3 practical exercises in Product Thinking & Strategy",
          "Seek feedback on your Product Thinking & Strategy work from peers or mentors"
        ]
      },
      {
        "category": "Collaboration & Communication",
        "brief": "Your Collaboration & Communication score is 9% - focus on building fundamentals in this area.",
        "detailed": "As a Explorer designer, your Collaboration & Communication score of 9% indicates areas for growth. Continue practicing and learning.",
        "actionable": [
          "Review core Collaboration & Communication principles and best practices",
          "Complete 2-3 practical exercises in Collaboration & Communication",
          "Seek feedback on your Collaboration & Communication work from peers or mentors"
        ]
      }
    ]
  },
  "continuous_learning": {
    "communities": [
      {
        "name": "UX Design Community",
        "description": "Join online forums and communities to connect with other Explorer designers and share your work.",
        "url": "https://www.designerhangout.co/"
      }
    ],
    "books": [
      {
        "title": "Don't Make Me Think",
        "author": "Steve Krug",
        "description": "Essential reading for Explorer designers on usability principles.",
        "focus_area": "UX Fundamentals"
      }
    ],
    "courses": [],
    "tracking_tips": [
      "Keep a learning journal to track your progress as a Explorer designer",
      "Set monthly goals and review your achievements",
      "Share your work regularly for feedback"
    ]
  },
  "generated_at": "2025-11-26T22:44:12.858436"
}