{
  "score": 12,
  "stage": "Explorer",
  "categories": [
    {
      "name": "UX Fundamentals",
      "score": 16,
      "maxScore": 100
    },
    {
      "name": "UI Craft & Visual Design",
      "score": 9,
      "maxScore": 100
    },
    {
      "name": "User Research & Validation",
      "score": 17,
      "maxScore": 100
    },
    {
      "name": "Product Thinking & Strategy",
      "score": 12,
      "maxScore": 100
    },
    {
      "name": "Collaboration & Communication",
      "score": 5,
      "maxScore": 100
    }
  ],
  "improvement_plan": {
    "weeks": [
      {
        "week": 1,
        "tasks": [
          "Review fundamentals of Collaboration & Communication",
          "Complete 2-3 online tutorials or courses",
          "Document your learning in a journal"
        ]
      },
      {
        "week": 2,
        "tasks": [
          "Practice Collaboration & Communication through small projects",
          "Get feedback from peers or mentors",
          "Analyze case studies in your focus area"
        ]
      },
      {
        "week": 3,
        "tasks": [
          "Apply new skills to a real project",
          "Create a portfolio piece showcasing your work",
          "Share your progress with the community"
        ]
      },
      {
        "week": 4,
        "tasks": [
          "Review and reflect on your growth",
          "Set goals for continued improvement",
          "Identify next areas to develop"
        ]
      }
    ]
  },
  "resources": {
    "readup": "As a Explorer UX designer, you have the unique opportunity to shape the user experience of innovative products and services. Leveraging your strengths in User Research & Validation (17%), it's time to focus on bridging the gap between research and collaboration (5%). With a 4-Week Improvement Plan as your guide, take the first step by reviewing the 10 Usability Heuristics for User Interface Design (nngroup.com) and identifying areas for growth. Your journey to UX mastery begins now!",
    "resources": [
      {
        "title": "Refactoring UI",
        "url": "https://www.refactoringui.com/",
        "description": "Refactoring your own UI can elevate your design skills, making you a more versatile Explorer designer.",
        "tags": [
          "Visual Design",
          "Guide"
        ],
        "category": "Collaboration & Communication",
        "media_type": "article"
      },
      {
        "title": "Nielsen Norman Group: UX Research Cheat Sheet",
        "url": "https://www.nngroup.com/articles/ux-research-cheat-sheet/",
        "description": "A comprehensive guide to different UX research methods and when to use them. Essential for Explorer designers working on UX Fundamentals.",
        "tags": [
          "Research",
          "Reference"
        ],
        "category": "Collaboration & Communication",
        "media_type": "article"
      },
      {
        "title": "Material Design Guidelines",
        "url": "https://m3.material.io/",
        "description": "Unlock Google's Material Design Guidelines to elevate your UI craft with a consistent, intuitive design language that enhances user experiences.",
        "tags": [
          "Design System",
          "Reference"
        ],
        "category": "Collaboration & Communication",
        "media_type": "article"
      },
      {
        "title": "A Guide to Usability Testing",
        "url": "https://www.interaction-design.org/literature/topics/usability-testing",
        "description": "Unlock effective user research with usability testing - learn how to design products people love by identifying pain points and opportunities for g...",
        "tags": [
          "Testing",
          "Methods"
        ],
        "category": "Collaboration & Communication",
        "media_type": "article"
      },
      {
        "title": "Just Enough Research",
        "url": "https://alistapart.com/article/just-enough-research/",
        "description": "As an Explorer designer, learn how to strike the perfect balance in user research, gathering just enough insights to inform your design decisions w...",
        "tags": [
          "Strategy",
          "Process"
        ],
        "category": "Collaboration & Communication",
        "media_type": "article"
      },
      {
        "title": "Laws of UX",
        "url": "https://lawsofux.com/",
        "description": "Master Laws of UX to strengthen your UX Fundamentals skills as a Explorer designer.",
        "tags": [
          "heuristics",
          "principles",
          "psychology"
        ],
        "category": "Collaboration & Communication",
        "media_type": "article"
      },
      {
        "title": "Design Reviews: A Guide",
        "url": "https://www.nngroup.com/articles/design-reviews/",
        "description": "Learn how to give and receive constructive feedback that sparks growth in your design work with effective design reviews, a crucial skill for Explo...",
        "tags": [
          "Critique",
          "Feedback"
        ],
        "category": "Collaboration & Communication",
        "media_type": "article"
      },
      {
        "title": "10 Usability Heuristics for User Interface Design",
        "url": "https://www.nngroup.com/articles/ten-usability-heuristics/",
        "description": "Unlock intuitive design with Nielsen's 10 Usability Heuristics, a foundational guide for Explorer designers, ensuring seamless user experiences tha...",
        "tags": [],
        "category": "Collaboration & Communication",
        "media_type": "article"
      },
      {
        "title": "Information Architecture Basics",
        "url": "https://www.usability.gov/what-and-why/information-architecture.html",
        "description": "Mastering information architecture is key to creating intuitive user experiences; learn how to organize info clearly for a seamless UX design.",
        "tags": [
          "IA",
          "Structure"
        ],
        "category": "Collaboration & Communication",
        "media_type": "article"
      },
      {
        "title": "Articulating Design Decisions",
        "url": "https://www.oreilly.com/library/view/articulating-design-decisions/9781491921555/",
        "description": "As an Explorer designer, articulate your design decisions to stakeholders without losing your sanity, ensuring a great user experience that meets e...",
        "tags": [
          "Communication",
          "Stakeholders"
        ],
        "category": "Collaboration & Communication",
        "media_type": "article"
      }
    ]
  },
  "deep_dive": null,
  "layout": {
    "section_order": [
      "hero",
      "stage-readup",
      "skill-breakdown",
      "resources",
      "deep-dive",
      "improvement-plan",
      "jobs"
    ],
    "section_visibility": {
      "hero": true,
      "stage-readup": true,
      "skill-breakdown": true,
      "resources": true,
      "deep-dive": true,
      "improvement-plan": true,
      "jobs": true
    },
    "content_depth": {
      "resources": "detailed",
      "deep-dive": "standard",
      "improvement-plan": "standard"
    },
    "priority_message": "Focus message"
  },
  "insights": {
    "insights": [
      {
        "category": "UX Fundamentals",
        "brief": "Your UX Fundamentals score is 16% - focus on building fundamentals in this area.",
        "detailed": "As a Explorer designer, your UX Fundamentals score of 16% indicates areas for growth. Continue practicing and learning.",
        "actionable": [
          "Review core UX Fundamentals principles and best practices",
          "Complete 2-3 practical exercises in UX Fundamentals",
          "Seek feedback on your UX Fundamentals work from peers or mentors"
        ]
      },
      {
        "category": "UI Craft & Visual Design",
        "brief": "Your UI Craft & Visual Design score is 9% - focus on building fundamentals in this area.",
        "detailed": "As a Explorer designer, your UI Craft & Visual Design score of 9% indicates areas for growth. Continue practicing and learning.",
        "actionable": [
          "Review core UI Craft & Visual Design principles and best practices",
          "Complete 2-3 practical exercises in UI Craft & Visual Design",
          "Seek feedback on your UI Craft & Visual Design work from peers or mentors"
        ]
      },
      {
        "category": "User Research & Validation",
        "brief": "Your User Research & Validation score is 17% - focus on building fundamentals in this area.",
        "detailed": "As a Explorer designer, your User Research & Validation score of 17% indicates areas for growth. Continue practicing and learning.",
        "actionable": [
          "Review core User Research & Validation principles and best practices",
          "Complete 2-3 practical exercises in User Research & Validation",
          "Seek feedback on your User Research & Validation work from peers or mentors"
        ]
      },
      {
        "category": "Product Thinking & Strategy",
        "brief": "Your Product Thinking & Strategy score is 12% - focus on building fundamentals in this area.",
        "detailed": "As a Explorer designer, your Product Thinking & Strategy score of 12% indicates areas for growth. Continue practicing and learning.",
        "actionable": [
          "Review core Product Thinking & Strategy principles and best practices",
          "Complete 2-3 practical exercises in Product Thinking & Strategy",
          "Seek feedback on your Product Thinking & Strategy work from peers or mentors"
        ]
      },
      {
        "category": "Collaboration & Communication",
        "brief": "Your Collaboration & Communication score is 5% - focus on building fundamentals in this area.",
        "detailed": "As a Explorer designer, your Collaboration & Communication score of 5% indicates areas for growth. Continue practicing and learning.",
        "actionable": [
          "Review core Collaboration & Communication principles and best practices",
          "Complete 2-3 practical exercises in Collaboration & Communication",
          "Seek feedback on your Collaboration & Communication work from peers or mentors"
        ]
      }
    ]
  },
  "continuous_learning": {
    "communities": [
      {
        "name": "UX Design Community",
        "description": "Join online forums and communities to connect with other Explorer designers and share your work.",
        "url": "https://www.designerhangout.co/"
      }
    ],
    "books": [
      {
        "title": "Don't Make Me Think",
        "author": "Steve Krug",
        "description": "Essential reading for Explorer designers on usability principles.",
        "focus_area": "UX Fundamentals"
      }
    ],
    "courses": [],
    "tracking_tips": [
      "Keep a learning journal to track your progress as a Explorer designer",
      "Set monthly goals and review your achievements",
      "Share your work regularly for feedback"
    ]
  },
  "generated_at": "2025-11-26T22:58:28.354323"
}