{
  "score": 53,
  "stage": "Practitioner",
  "categories": [
    {
      "name": "UX Fundamentals",
      "score": 58,
      "maxScore": 100
    },
    {
      "name": "UI Craft & Visual Design",
      "score": 45,
      "maxScore": 100
    },
    {
      "name": "User Research & Validation",
      "score": 53,
      "maxScore": 100
    },
    {
      "name": "Product Thinking & Strategy",
      "score": 55,
      "maxScore": 100
    },
    {
      "name": "Collaboration & Communication",
      "score": 54,
      "maxScore": 100
    }
  ],
  "improvement_plan": {
    "weeks": [
      {
        "week": 1,
        "tasks": [
          "Review fundamentals of UI Craft & Visual Design",
          "Complete 2-3 online tutorials or courses",
          "Document your learning in a journal"
        ]
      },
      {
        "week": 2,
        "tasks": [
          "Practice UI Craft & Visual Design through small projects",
          "Get feedback from peers or mentors",
          "Analyze case studies in your focus area"
        ]
      },
      {
        "week": 3,
        "tasks": [
          "Apply new skills to a real project",
          "Create a portfolio piece showcasing your work",
          "Share your progress with the community"
        ]
      },
      {
        "week": 4,
        "tasks": [
          "Review and reflect on your growth",
          "Set goals for continued improvement",
          "Identify next areas to develop"
        ]
      }
    ]
  },
  "resources": {
    "readup": "As a Practitioner UX designer with a strong foundation in UX Fundamentals (58%), you've demonstrated a solid understanding of UX principles. However, to take your skills to the next level, focus on bridging the gap between theory and practice, particularly in UI Craft & Visual Design (45%). By leveraging resources like Nielsen Norman Group's 'Designing Web Usability' and Adobe XD tutorials, you can enhance your craft and drive more effective design solutions.",
    "resources": [
      {
        "title": "Refactoring UI",
        "url": "https://www.refactoringui.com/",
        "description": "Refactor your design skills with expert tactics to create stunning user interfaces that delight users and elevate your UI craft.",
        "tags": [
          "Visual Design",
          "Guide"
        ],
        "category": "UI Craft & Visual Design",
        "media_type": "article"
      },
      {
        "title": "Nielsen Norman Group: UX Research Cheat Sheet",
        "url": "https://www.nngroup.com/articles/ux-research-cheat-sheet/",
        "description": "A comprehensive guide to different UX research methods and when to use them. Essential for Practitioner designers working on UX Fundamentals.",
        "tags": [
          "Research",
          "Reference"
        ],
        "category": "UI Craft & Visual Design",
        "media_type": "article"
      },
      {
        "title": "Material Design Guidelines",
        "url": "https://m3.material.io/",
        "description": "Unlock consistent and intuitive design with Google's Material Design Guidelines, your go-to resource for crafting beautiful, user-friendly interfac...",
        "tags": [
          "Design System",
          "Reference"
        ],
        "category": "UI Craft & Visual Design",
        "media_type": "article"
      },
      {
        "title": "Design Reviews: A Guide",
        "url": "https://www.nngroup.com/articles/design-reviews/",
        "description": "Master effective design reviews with Design Reviews: A Guide, and elevate your collaboration with peers, stakeholders, and clients to drive better ...",
        "tags": [
          "Critique",
          "Feedback"
        ],
        "category": "UI Craft & Visual Design",
        "media_type": "article"
      },
      {
        "title": "Laws of UX",
        "url": "https://lawsofux.com/",
        "description": "Master Laws of UX to strengthen your UX Fundamentals skills as a Practitioner designer.",
        "tags": [
          "heuristics",
          "principles",
          "psychology"
        ],
        "category": "UI Craft & Visual Design",
        "media_type": "article"
      },
      {
        "title": "Product Thinking 101",
        "url": "https://uxdesign.cc/product-thinking-101-1d71a0784f60",
        "description": "Unlock your product design potential with Product Thinking 101, where you'll learn to identify user needs, craft compelling solutions, and drive bu...",
        "tags": [
          "Strategy",
          "Basics"
        ],
        "category": "UI Craft & Visual Design",
        "media_type": "article"
      },
      {
        "title": "A Guide to Usability Testing",
        "url": "https://www.interaction-design.org/literature/topics/usability-testing",
        "description": "Unlock effective user research with usability testing - this guide provides practical insights to validate design decisions and deliver user-center...",
        "tags": [
          "Testing",
          "Methods"
        ],
        "category": "UI Craft & Visual Design",
        "media_type": "article"
      },
      {
        "title": "Articulating Design Decisions",
        "url": "https://www.oreilly.com/library/view/articulating-design-decisions/9781491921555/",
        "description": "Learn how to effectively communicate design decisions to stakeholders, maintain your sanity, and deliver exceptional user experiences in Articulati...",
        "tags": [
          "Communication",
          "Stakeholders"
        ],
        "category": "UI Craft & Visual Design",
        "media_type": "article"
      },
      {
        "title": "10 Usability Heuristics for User Interface Design",
        "url": "https://www.nngroup.com/articles/ten-usability-heuristics/",
        "description": "Master the foundation of user experience design with Jakob Nielsen's 10 Usability Heuristics, a timeless guide to creating intuitive interfaces tha...",
        "tags": [],
        "category": "UI Craft & Visual Design",
        "media_type": "article"
      },
      {
        "title": "Collaborating with Developers",
        "url": "https://css-tricks.com/designers-guide-to-working-with-developers/",
        "description": "Mastering developer collaboration ensures seamless handoffs and high-quality designs, helping you deliver successful projects as a Practitioner des...",
        "tags": [
          "Handoff",
          "Teamwork"
        ],
        "category": "UI Craft & Visual Design",
        "media_type": "article"
      }
    ]
  },
  "deep_dive": null,
  "layout": {
    "section_order": [
      "hero",
      "stage-readup",
      "skill-breakdown",
      "resources",
      "deep-dive",
      "improvement-plan",
      "jobs"
    ],
    "section_visibility": {
      "hero": true,
      "stage-readup": true,
      "skill-breakdown": true,
      "resources": true,
      "deep-dive": true,
      "improvement-plan": true,
      "jobs": true
    },
    "content_depth": {
      "resources": "detailed",
      "deep-dive": "standard",
      "improvement-plan": "standard"
    },
    "priority_message": "Focus message"
  },
  "insights": {
    "insights": [
      {
        "category": "UX Fundamentals",
        "brief": "Your UX Fundamentals score is 58% - focus on building fundamentals in this area.",
        "detailed": "As a Practitioner designer, your UX Fundamentals score of 58% indicates areas for growth. Continue practicing and learning.",
        "actionable": [
          "Review core UX Fundamentals principles and best practices",
          "Complete 2-3 practical exercises in UX Fundamentals",
          "Seek feedback on your UX Fundamentals work from peers or mentors"
        ]
      },
      {
        "category": "UI Craft & Visual Design",
        "brief": "Your UI Craft & Visual Design score is 45% - focus on building fundamentals in this area.",
        "detailed": "As a Practitioner designer, your UI Craft & Visual Design score of 45% indicates areas for growth. Continue practicing and learning.",
        "actionable": [
          "Review core UI Craft & Visual Design principles and best practices",
          "Complete 2-3 practical exercises in UI Craft & Visual Design",
          "Seek feedback on your UI Craft & Visual Design work from peers or mentors"
        ]
      },
      {
        "category": "User Research & Validation",
        "brief": "Your User Research & Validation score is 53% - focus on building fundamentals in this area.",
        "detailed": "As a Practitioner designer, your User Research & Validation score of 53% indicates areas for growth. Continue practicing and learning.",
        "actionable": [
          "Review core User Research & Validation principles and best practices",
          "Complete 2-3 practical exercises in User Research & Validation",
          "Seek feedback on your User Research & Validation work from peers or mentors"
        ]
      },
      {
        "category": "Product Thinking & Strategy",
        "brief": "Your Product Thinking & Strategy score is 55% - focus on building fundamentals in this area.",
        "detailed": "As a Practitioner designer, your Product Thinking & Strategy score of 55% indicates areas for growth. Continue practicing and learning.",
        "actionable": [
          "Review core Product Thinking & Strategy principles and best practices",
          "Complete 2-3 practical exercises in Product Thinking & Strategy",
          "Seek feedback on your Product Thinking & Strategy work from peers or mentors"
        ]
      },
      {
        "category": "Collaboration & Communication",
        "brief": "Your Collaboration & Communication score is 54% - focus on building fundamentals in this area.",
        "detailed": "As a Practitioner designer, your Collaboration & Communication score of 54% indicates areas for growth. Continue practicing and learning.",
        "actionable": [
          "Review core Collaboration & Communication principles and best practices",
          "Complete 2-3 practical exercises in Collaboration & Communication",
          "Seek feedback on your Collaboration & Communication work from peers or mentors"
        ]
      }
    ]
  },
  "continuous_learning": {
    "communities": [
      {
        "name": "UX Design Community",
        "description": "Join online forums and communities to connect with other Practitioner designers and share your work.",
        "url": "https://www.designerhangout.co/"
      }
    ],
    "books": [
      {
        "title": "Don't Make Me Think",
        "author": "Steve Krug",
        "description": "Essential reading for Practitioner designers on usability principles.",
        "focus_area": "UX Fundamentals"
      }
    ],
    "courses": [],
    "tracking_tips": [
      "Keep a learning journal to track your progress as a Practitioner designer",
      "Set monthly goals and review your achievements",
      "Share your work regularly for feedback"
    ]
  },
  "generated_at": "2025-11-27T00:11:27.776421"
}