{
  "score": 34,
  "stage": "Explorer",
  "categories": [
    {
      "name": "UX Fundamentals",
      "score": 40,
      "maxScore": 100
    },
    {
      "name": "UI Craft & Visual Design",
      "score": 35,
      "maxScore": 100
    },
    {
      "name": "User Research & Validation",
      "score": 42,
      "maxScore": 100
    },
    {
      "name": "Product Thinking & Strategy",
      "score": 24,
      "maxScore": 100
    },
    {
      "name": "Collaboration & Communication",
      "score": 31,
      "maxScore": 100
    }
  ],
  "improvement_plan": {
    "weeks": [
      {
        "week": 1,
        "tasks": [
          "Review fundamentals of Product Thinking & Strategy",
          "Complete 2-3 online tutorials or courses",
          "Document your learning in a journal"
        ]
      },
      {
        "week": 2,
        "tasks": [
          "Practice Product Thinking & Strategy through small projects",
          "Get feedback from peers or mentors",
          "Analyze case studies in your focus area"
        ]
      },
      {
        "week": 3,
        "tasks": [
          "Apply new skills to a real project",
          "Create a portfolio piece showcasing your work",
          "Share your progress with the community"
        ]
      },
      {
        "week": 4,
        "tasks": [
          "Review and reflect on your growth",
          "Set goals for continued improvement",
          "Identify next areas to develop"
        ]
      }
    ]
  },
  "resources": {
    "readup": "As a Explorer UX designer, you have the unique opportunity to shape the user experience of innovative products and services. Building on your strengths in User Research & Validation, where you've consistently demonstrated a keen eye for detail and a passion for uncovering user insights, it's time to tackle Product Thinking & Strategy, an area that will help drive business growth and user satisfaction. With dedication and practice, you can bridge this skill gap and become a well-rounded UX designer, capable of driving meaningful impact in the industry.",
    "resources": [
      {
        "title": "Refactoring UI",
        "url": "https://www.refactoringui.com/",
        "description": "Take your UI design skills to the next level with Refactoring UI, where you'll master tactics to create beautiful interfaces that drive user engage...",
        "tags": [
          "Visual Design",
          "Guide"
        ],
        "category": "Product Thinking & Strategy",
        "media_type": "article"
      },
      {
        "title": "Nielsen Norman Group: UX Research Cheat Sheet",
        "url": "https://www.nngroup.com/articles/ux-research-cheat-sheet/",
        "description": "Learn how to conduct effective user research with Nielsen Norman Group's Cheat Sheet, a go-to guide for exploratory designers looking to validate d...",
        "tags": [
          "Research",
          "Reference"
        ],
        "category": "Product Thinking & Strategy",
        "media_type": "article"
      },
      {
        "title": "Material Design Guidelines",
        "url": "https://m3.material.io/",
        "description": "Unlock Google's Material Design Guidelines to master modern UI craft and elevate your visual design skills with a comprehensive, open-source system...",
        "tags": [
          "Design System",
          "Reference"
        ],
        "category": "Product Thinking & Strategy",
        "media_type": "article"
      },
      {
        "title": "A Guide to Usability Testing",
        "url": "https://www.interaction-design.org/literature/topics/usability-testing",
        "description": "Unlock effective usability testing with this comprehensive guide, helping you validate designs and make data-driven decisions that drive user-cente...",
        "tags": [
          "Testing",
          "Methods"
        ],
        "category": "Product Thinking & Strategy",
        "media_type": "article"
      },
      {
        "title": "Just Enough Research",
        "url": "https://alistapart.com/article/just-enough-research/",
        "description": "As an Explorer designer, learn how to balance research with project needs, avoiding unnecessary complexity and delivering insights that inform your...",
        "tags": [
          "Strategy",
          "Process"
        ],
        "category": "Product Thinking & Strategy",
        "media_type": "article"
      },
      {
        "title": "Laws of UX",
        "url": "https://lawsofux.com/",
        "description": "Master Laws of UX to strengthen your UX Fundamentals skills as a Explorer designer.",
        "tags": [
          "heuristics",
          "principles",
          "psychology"
        ],
        "category": "Product Thinking & Strategy",
        "media_type": "article"
      },
      {
        "title": "Design Reviews: A Guide",
        "url": "https://www.nngroup.com/articles/design-reviews/",
        "description": "Learn how to give and receive constructive feedback that sparks growth in your design work, a crucial skill for Explorer designers looking to colla...",
        "tags": [
          "Critique",
          "Feedback"
        ],
        "category": "Product Thinking & Strategy",
        "media_type": "article"
      },
      {
        "title": "10 Usability Heuristics for User Interface Design",
        "url": "https://www.nngroup.com/articles/ten-usability-heuristics/",
        "description": "Unlock intuitive design with Nielsen's 10 usability heuristics, guiding explorers like you in crafting user-centered interfaces that simplify inter...",
        "tags": [],
        "category": "Product Thinking & Strategy",
        "media_type": "article"
      },
      {
        "title": "Information Architecture Basics",
        "url": "https://www.usability.gov/what-and-why/information-architecture.html",
        "description": "Learn how to structure information in a way that's easy for users to find and understand, setting you up for success as an Explorer UX designer.",
        "tags": [
          "IA",
          "Structure"
        ],
        "category": "Product Thinking & Strategy",
        "media_type": "article"
      },
      {
        "title": "Articulating Design Decisions",
        "url": "https://www.oreilly.com/library/view/articulating-design-decisions/9781491921555/",
        "description": "Learn how to articulate design decisions that drive user experience, balance stakeholder expectations with your own sanity, and deliver a winning p...",
        "tags": [
          "Communication",
          "Stakeholders"
        ],
        "category": "Product Thinking & Strategy",
        "media_type": "article"
      }
    ]
  },
  "deep_dive": null,
  "layout": {
    "section_order": [
      "hero",
      "stage-readup",
      "skill-breakdown",
      "resources",
      "deep-dive",
      "improvement-plan",
      "jobs"
    ],
    "section_visibility": {
      "hero": true,
      "stage-readup": true,
      "skill-breakdown": true,
      "resources": true,
      "deep-dive": true,
      "improvement-plan": true,
      "jobs": true
    },
    "content_depth": {
      "resources": "detailed",
      "deep-dive": "standard",
      "improvement-plan": "standard"
    },
    "priority_message": "Focus message"
  },
  "insights": {
    "insights": [
      {
        "category": "UX Fundamentals",
        "brief": "Your UX Fundamentals score is 40% - focus on building fundamentals in this area.",
        "detailed": "As a Explorer designer, your UX Fundamentals score of 40% indicates areas for growth. Continue practicing and learning.",
        "actionable": [
          "Review core UX Fundamentals principles and best practices",
          "Complete 2-3 practical exercises in UX Fundamentals",
          "Seek feedback on your UX Fundamentals work from peers or mentors"
        ]
      },
      {
        "category": "UI Craft & Visual Design",
        "brief": "Your UI Craft & Visual Design score is 35% - focus on building fundamentals in this area.",
        "detailed": "As a Explorer designer, your UI Craft & Visual Design score of 35% indicates areas for growth. Continue practicing and learning.",
        "actionable": [
          "Review core UI Craft & Visual Design principles and best practices",
          "Complete 2-3 practical exercises in UI Craft & Visual Design",
          "Seek feedback on your UI Craft & Visual Design work from peers or mentors"
        ]
      },
      {
        "category": "User Research & Validation",
        "brief": "Your User Research & Validation score is 42% - focus on building fundamentals in this area.",
        "detailed": "As a Explorer designer, your User Research & Validation score of 42% indicates areas for growth. Continue practicing and learning.",
        "actionable": [
          "Review core User Research & Validation principles and best practices",
          "Complete 2-3 practical exercises in User Research & Validation",
          "Seek feedback on your User Research & Validation work from peers or mentors"
        ]
      },
      {
        "category": "Product Thinking & Strategy",
        "brief": "Your Product Thinking & Strategy score is 24% - focus on building fundamentals in this area.",
        "detailed": "As a Explorer designer, your Product Thinking & Strategy score of 24% indicates areas for growth. Continue practicing and learning.",
        "actionable": [
          "Review core Product Thinking & Strategy principles and best practices",
          "Complete 2-3 practical exercises in Product Thinking & Strategy",
          "Seek feedback on your Product Thinking & Strategy work from peers or mentors"
        ]
      },
      {
        "category": "Collaboration & Communication",
        "brief": "Your Collaboration & Communication score is 31% - focus on building fundamentals in this area.",
        "detailed": "As a Explorer designer, your Collaboration & Communication score of 31% indicates areas for growth. Continue practicing and learning.",
        "actionable": [
          "Review core Collaboration & Communication principles and best practices",
          "Complete 2-3 practical exercises in Collaboration & Communication",
          "Seek feedback on your Collaboration & Communication work from peers or mentors"
        ]
      }
    ]
  },
  "continuous_learning": {
    "communities": [
      {
        "name": "UX Design Community",
        "description": "Join online forums and communities to connect with other Explorer designers and share your work.",
        "url": "https://www.designerhangout.co/"
      }
    ],
    "books": [
      {
        "title": "Don't Make Me Think",
        "author": "Steve Krug",
        "description": "Essential reading for Explorer designers on usability principles.",
        "focus_area": "UX Fundamentals"
      }
    ],
    "courses": [],
    "tracking_tips": [
      "Keep a learning journal to track your progress as a Explorer designer",
      "Set monthly goals and review your achievements",
      "Share your work regularly for feedback"
    ]
  },
  "generated_at": "2025-11-26T23:37:32.903573"
}