{
  "score": 59,
  "stage": "Practitioner",
  "categories": [
    {
      "name": "UX Fundamentals",
      "score": 57,
      "maxScore": 100
    },
    {
      "name": "UI Craft & Visual Design",
      "score": 52,
      "maxScore": 100
    },
    {
      "name": "User Research & Validation",
      "score": 70,
      "maxScore": 100
    },
    {
      "name": "Product Thinking & Strategy",
      "score": 64,
      "maxScore": 100
    },
    {
      "name": "Collaboration & Communication",
      "score": 50,
      "maxScore": 100
    }
  ],
  "improvement_plan": {
    "{{ ": "weeks"
  },
  "resources": {
    "readup": "As a Practitioner UX designer, you demonstrate a solid foundation in User Research & Validation, where your strengths shine through. However, to take your career to the next level, focus on bridging the gap between your skills and real-world applications - particularly in Collaboration & Communication, an area that requires attention to grow from 50/100. By leveraging resources like Coursera's UX Design Specialization (Source: https://www.coursera.org/specializations/user-experience-design) and A List Apart's articles on effective communication in design teams (Source: https://alistapart.com/articles/design-communication), you can unlock your full potential and elevate your practice.",
    "resources": [
      {
        "title": "Refactoring UI",
        "url": "https://www.refactoringui.com/",
        "description": "Elevate your UI design skills with Refactoring UI, where you'll master tactics for creating stunning interfaces that drive user engagement and conv...",
        "tags": [
          "Visual Design",
          "Guide"
        ],
        "category": "Collaboration & Communication",
        "media_type": "article"
      },
      {
        "title": "Material Design Guidelines",
        "url": "https://m3.material.io/",
        "description": "Google's open-source design system that provides comprehensive UI guidelines. Essential for Practitioner designers working on UI Craft & Visual Design.",
        "tags": [
          "Design System",
          "Reference"
        ],
        "category": "Collaboration & Communication",
        "media_type": "article"
      },
      {
        "title": "A Guide to Usability Testing",
        "url": "https://www.interaction-design.org/literature/topics/usability-testing",
        "description": "As a practitioner designer, master usability testing to validate user experiences, identify design flaws, and create products that meet users' needs.",
        "tags": [
          "Testing",
          "Methods"
        ],
        "category": "Collaboration & Communication",
        "media_type": "article"
      },
      {
        "title": "Nielsen Norman Group: UX Research Cheat Sheet",
        "url": "https://www.nngroup.com/articles/ux-research-cheat-sheet/",
        "description": "Mastering UX research is key to delivering user-centered designs. The Nielsen Norman Group's UX Research Cheat Sheet provides a concise guide to es...",
        "tags": [
          "Research",
          "Reference"
        ],
        "category": "Collaboration & Communication",
        "media_type": "article"
      },
      {
        "title": "Just Enough Research",
        "url": "https://alistapart.com/article/just-enough-research/",
        "description": "As a practitioner designer, Just Enough Research helps you strike the perfect balance between insight and overwhelm, ensuring your user research is...",
        "tags": [
          "Strategy",
          "Process"
        ],
        "category": "Collaboration & Communication",
        "media_type": "article"
      },
      {
        "title": "Design Reviews: A Guide",
        "url": "https://www.nngroup.com/articles/design-reviews/",
        "description": "Master effective design reviews to elevate collaboration with colleagues, stakeholders, and clients, ensuring high-quality designs that meet everyo...",
        "tags": [
          "Critique",
          "Feedback"
        ],
        "category": "Collaboration & Communication",
        "media_type": "article"
      },
      {
        "title": "Laws of UX",
        "url": "https://lawsofux.com/",
        "description": "Master Laws of UX to strengthen your UX Fundamentals skills as a Practitioner designer.",
        "tags": [
          "heuristics",
          "principles",
          "psychology"
        ],
        "category": "Collaboration & Communication",
        "media_type": "article"
      },
      {
        "title": "Product Thinking 101",
        "url": "https://uxdesign.cc/product-thinking-101-1d71a0784f60",
        "description": "Learn how to design solutions that meet users' needs by understanding their problems, audience, and goals in this foundational guide to Product Thi...",
        "tags": [
          "Strategy",
          "Basics"
        ],
        "category": "Collaboration & Communication",
        "media_type": "article"
      },
      {
        "title": "Articulating Design Decisions",
        "url": "https://www.oreilly.com/library/view/articulating-design-decisions/9781491921555/",
        "description": "Learn how to effectively communicate design decisions with stakeholders while maintaining your sanity, ensuring a better user experience for your u...",
        "tags": [
          "Communication",
          "Stakeholders"
        ],
        "category": "Collaboration & Communication",
        "media_type": "article"
      },
      {
        "title": "10 Usability Heuristics for User Interface Design",
        "url": "https://www.nngroup.com/articles/ten-usability-heuristics/",
        "description": "Mastering Nielsen's 10 Usability Heuristics is crucial for UX practitioners to create intuitive interfaces that delight users, ensuring a seamless ...",
        "tags": [],
        "category": "Collaboration & Communication",
        "media_type": "article"
      }
    ]
  },
  "deep_dive": null,
  "layout": {
    "section_order": [
      "hero",
      "stage-readup",
      "skill-breakdown",
      "resources",
      "deep-dive",
      "improvement-plan",
      "jobs"
    ],
    "section_visibility": {
      "hero": true,
      "stage-readup": true,
      "skill-breakdown": true,
      "resources": true,
      "deep-dive": true,
      "improvement-plan": true,
      "jobs": true
    },
    "content_depth": {
      "resources": "detailed",
      "deep-dive": "standard",
      "improvement-plan": "standard"
    },
    "priority_message": "Focus message"
  },
  "insights": {
    "insights": [
      {
        "category": "UX Fundamentals",
        "brief": "Your UX Fundamentals score is 57% - focus on building fundamentals in this area.",
        "detailed": "As a Practitioner designer, your UX Fundamentals score of 57% indicates areas for growth. Continue practicing and learning.",
        "actionable": [
          "Review core UX Fundamentals principles and best practices",
          "Complete 2-3 practical exercises in UX Fundamentals",
          "Seek feedback on your UX Fundamentals work from peers or mentors"
        ]
      },
      {
        "category": "UI Craft & Visual Design",
        "brief": "Your UI Craft & Visual Design score is 52% - focus on building fundamentals in this area.",
        "detailed": "As a Practitioner designer, your UI Craft & Visual Design score of 52% indicates areas for growth. Continue practicing and learning.",
        "actionable": [
          "Review core UI Craft & Visual Design principles and best practices",
          "Complete 2-3 practical exercises in UI Craft & Visual Design",
          "Seek feedback on your UI Craft & Visual Design work from peers or mentors"
        ]
      },
      {
        "category": "User Research & Validation",
        "brief": "Your User Research & Validation score is 70% - focus on building fundamentals in this area.",
        "detailed": "As a Practitioner designer, your User Research & Validation score of 70% indicates areas for growth. Continue practicing and learning.",
        "actionable": [
          "Review core User Research & Validation principles and best practices",
          "Complete 2-3 practical exercises in User Research & Validation",
          "Seek feedback on your User Research & Validation work from peers or mentors"
        ]
      },
      {
        "category": "Product Thinking & Strategy",
        "brief": "Your Product Thinking & Strategy score is 64% - focus on building fundamentals in this area.",
        "detailed": "As a Practitioner designer, your Product Thinking & Strategy score of 64% indicates areas for growth. Continue practicing and learning.",
        "actionable": [
          "Review core Product Thinking & Strategy principles and best practices",
          "Complete 2-3 practical exercises in Product Thinking & Strategy",
          "Seek feedback on your Product Thinking & Strategy work from peers or mentors"
        ]
      },
      {
        "category": "Collaboration & Communication",
        "brief": "Your Collaboration & Communication score is 50% - focus on building fundamentals in this area.",
        "detailed": "As a Practitioner designer, your Collaboration & Communication score of 50% indicates areas for growth. Continue practicing and learning.",
        "actionable": [
          "Review core Collaboration & Communication principles and best practices",
          "Complete 2-3 practical exercises in Collaboration & Communication",
          "Seek feedback on your Collaboration & Communication work from peers or mentors"
        ]
      }
    ]
  },
  "continuous_learning": {
    "communities": [
      {
        "name": "UX Design Community",
        "description": "Join online forums and communities to connect with other Practitioner designers and share your work.",
        "url": "https://www.designerhangout.co/"
      }
    ],
    "books": [
      {
        "title": "Don't Make Me Think",
        "author": "Steve Krug",
        "description": "Essential reading for Practitioner designers on usability principles.",
        "focus_area": "UX Fundamentals"
      }
    ],
    "courses": [],
    "tracking_tips": [
      "Keep a learning journal to track your progress as a Practitioner designer",
      "Set monthly goals and review your achievements",
      "Share your work regularly for feedback"
    ]
  },
  "generated_at": "2025-11-27T02:13:53.390686"
}