{
  "score": 76,
  "stage": "Emerging Senior",
  "categories": [
    {
      "name": "UX Fundamentals",
      "score": 77,
      "maxScore": 100
    },
    {
      "name": "UI Craft & Visual Design",
      "score": 80,
      "maxScore": 100
    },
    {
      "name": "User Research & Validation",
      "score": 78,
      "maxScore": 100
    },
    {
      "name": "Product Thinking & Strategy",
      "score": 72,
      "maxScore": 100
    },
    {
      "name": "Collaboration & Communication",
      "score": 75,
      "maxScore": 100
    }
  ],
  "improvement_plan": {
    "weeks": [
      {
        "week": 1,
        "tasks": [
          "Review fundamentals of Product Thinking & Strategy",
          "Complete 2-3 online tutorials or courses",
          "Document your learning in a journal"
        ]
      },
      {
        "week": 2,
        "tasks": [
          "Practice Product Thinking & Strategy through small projects",
          "Get feedback from peers or mentors",
          "Analyze case studies in your focus area"
        ]
      },
      {
        "week": 3,
        "tasks": [
          "Apply new skills to a real project",
          "Create a portfolio piece showcasing your work",
          "Share your progress with the community"
        ]
      },
      {
        "week": 4,
        "tasks": [
          "Review and reflect on your growth",
          "Set goals for continued improvement",
          "Identify next areas to develop"
        ]
      }
    ]
  },
  "resources": {
    "readup": "As an Emerging Senior UX designer, you demonstrate a solid foundation in UX principles with a score of 77/100. Your strengths in UI Craft & Visual Design (80%) are evident, but we also see opportunities for growth in Product Thinking & Strategy, where your score is currently at 72%. Don't worry, this is a common challenge - take the time to learn from resources like Coursera's 'User Experience (UX) Design' course and A List Apart's 'Designing for Emotion' article to refine your skills and move forward in your career.",
    "resources": [
      {
        "title": "Refactoring UI",
        "url": "https://www.refactoringui.com/",
        "description": "Elevate your UI design skills with Refactoring UI, a practical guide that shares specific tactics for creating stunning interfaces on your own, hel...",
        "tags": [
          "Visual Design",
          "Guide"
        ],
        "category": "Product Thinking & Strategy",
        "media_type": "article"
      },
      {
        "title": "Material Design Guidelines",
        "url": "https://m3.material.io/",
        "description": "Google's open-source design system that provides comprehensive UI guidelines. Essential for Emerging Senior designers working on UI Craft & Visual Design.",
        "tags": [
          "Design System",
          "Reference"
        ],
        "category": "Product Thinking & Strategy",
        "media_type": "article"
      },
      {
        "title": "A Guide to Usability Testing",
        "url": "https://www.interaction-design.org/literature/topics/usability-testing",
        "description": "Mastering usability testing is key to delivering user-centered designs. Learn how to run effective tests with this comprehensive guide, essential f...",
        "tags": [
          "Testing",
          "Methods"
        ],
        "category": "Product Thinking & Strategy",
        "media_type": "article"
      },
      {
        "title": "Just Enough Research",
        "url": "https://alistapart.com/article/just-enough-research/",
        "description": "As an emerging senior designer, learn how to strike the perfect balance in user research, avoiding unnecessary complexity while still gathering ess...",
        "tags": [
          "Strategy",
          "Process"
        ],
        "category": "Product Thinking & Strategy",
        "media_type": "article"
      },
      {
        "title": "Nielsen Norman Group: UX Research Cheat Sheet",
        "url": "https://www.nngroup.com/articles/ux-research-cheat-sheet/",
        "description": "Mastering UX research is key to delivering user-centered designs. The Nielsen Norman Group's UX Research Cheat Sheet helps emerging senior designer...",
        "tags": [
          "Research",
          "Reference"
        ],
        "category": "Product Thinking & Strategy",
        "media_type": "article"
      },
      {
        "title": "Design Reviews: A Guide",
        "url": "https://www.nngroup.com/articles/design-reviews/",
        "description": "Learn how to give and receive constructive feedback in design reviews, essential for effective collaboration and career growth as an emerging senio...",
        "tags": [
          "Critique",
          "Feedback"
        ],
        "category": "Product Thinking & Strategy",
        "media_type": "article"
      },
      {
        "title": "Laws of UX",
        "url": "https://lawsofux.com/",
        "description": "Master Laws of UX to strengthen your UX Fundamentals skills as a Emerging Senior designer.",
        "tags": [
          "heuristics",
          "principles",
          "psychology"
        ],
        "category": "Product Thinking & Strategy",
        "media_type": "article"
      },
      {
        "title": "Collaborating with Developers",
        "url": "https://css-tricks.com/designers-guide-to-working-with-developers/",
        "description": "Mastering developer collaboration is key to delivering successful projects as an emerging senior designer.",
        "tags": [
          "Handoff",
          "Teamwork"
        ],
        "category": "Product Thinking & Strategy",
        "media_type": "article"
      },
      {
        "title": "Articulating Design Decisions",
        "url": "https://www.oreilly.com/library/view/articulating-design-decisions/9781491921555/",
        "description": "Learn how to effectively communicate design decisions to stakeholders, maintain your sanity, and deliver exceptional user experiences in this essen...",
        "tags": [
          "Communication",
          "Stakeholders"
        ],
        "category": "Product Thinking & Strategy",
        "media_type": "article"
      },
      {
        "title": "10 Usability Heuristics for User Interface Design",
        "url": "https://www.nngroup.com/articles/ten-usability-heuristics/",
        "description": "Mastering Nielsen's 10 Usability Heuristics is crucial for emerging senior designers, as it equips them with a solid foundation in UX principles to...",
        "tags": [],
        "category": "Product Thinking & Strategy",
        "media_type": "article"
      }
    ]
  },
  "deep_dive": null,
  "layout": {
    "section_order": [
      "hero",
      "stage-readup",
      "skill-breakdown",
      "resources",
      "deep-dive",
      "improvement-plan",
      "jobs"
    ],
    "section_visibility": {
      "hero": true,
      "stage-readup": true,
      "skill-breakdown": true,
      "resources": true,
      "deep-dive": true,
      "improvement-plan": true,
      "jobs": true
    },
    "content_depth": {
      "resources": "detailed",
      "deep-dive": "standard",
      "improvement-plan": "standard"
    },
    "priority_message": "Focus message"
  },
  "insights": {
    "insights": [
      {
        "category": "UX Fundamentals",
        "brief": "Your UX Fundamentals score is 77% - focus on building fundamentals in this area.",
        "detailed": "As a Emerging Senior designer, your UX Fundamentals score of 77% indicates areas for growth. Continue practicing and learning.",
        "actionable": [
          "Review core UX Fundamentals principles and best practices",
          "Complete 2-3 practical exercises in UX Fundamentals",
          "Seek feedback on your UX Fundamentals work from peers or mentors"
        ]
      },
      {
        "category": "UI Craft & Visual Design",
        "brief": "Your UI Craft & Visual Design score is 80% - focus on building fundamentals in this area.",
        "detailed": "As a Emerging Senior designer, your UI Craft & Visual Design score of 80% indicates areas for growth. Continue practicing and learning.",
        "actionable": [
          "Review core UI Craft & Visual Design principles and best practices",
          "Complete 2-3 practical exercises in UI Craft & Visual Design",
          "Seek feedback on your UI Craft & Visual Design work from peers or mentors"
        ]
      },
      {
        "category": "User Research & Validation",
        "brief": "Your User Research & Validation score is 78% - focus on building fundamentals in this area.",
        "detailed": "As a Emerging Senior designer, your User Research & Validation score of 78% indicates areas for growth. Continue practicing and learning.",
        "actionable": [
          "Review core User Research & Validation principles and best practices",
          "Complete 2-3 practical exercises in User Research & Validation",
          "Seek feedback on your User Research & Validation work from peers or mentors"
        ]
      },
      {
        "category": "Product Thinking & Strategy",
        "brief": "Your Product Thinking & Strategy score is 72% - focus on building fundamentals in this area.",
        "detailed": "As a Emerging Senior designer, your Product Thinking & Strategy score of 72% indicates areas for growth. Continue practicing and learning.",
        "actionable": [
          "Review core Product Thinking & Strategy principles and best practices",
          "Complete 2-3 practical exercises in Product Thinking & Strategy",
          "Seek feedback on your Product Thinking & Strategy work from peers or mentors"
        ]
      },
      {
        "category": "Collaboration & Communication",
        "brief": "Your Collaboration & Communication score is 75% - focus on building fundamentals in this area.",
        "detailed": "As a Emerging Senior designer, your Collaboration & Communication score of 75% indicates areas for growth. Continue practicing and learning.",
        "actionable": [
          "Review core Collaboration & Communication principles and best practices",
          "Complete 2-3 practical exercises in Collaboration & Communication",
          "Seek feedback on your Collaboration & Communication work from peers or mentors"
        ]
      }
    ]
  },
  "continuous_learning": {
    "communities": [
      {
        "name": "UX Design Community",
        "description": "Join online forums and communities to connect with other Emerging Senior designers and share your work.",
        "url": "https://www.designerhangout.co/"
      }
    ],
    "books": [
      {
        "title": "Don't Make Me Think",
        "author": "Steve Krug",
        "description": "Essential reading for Emerging Senior designers on usability principles.",
        "focus_area": "UX Fundamentals"
      }
    ],
    "courses": [],
    "tracking_tips": [
      "Keep a learning journal to track your progress as a Emerging Senior designer",
      "Set monthly goals and review your achievements",
      "Share your work regularly for feedback"
    ]
  },
  "generated_at": "2025-11-27T08:20:52.663909"
}